Seile	wurden
Feuer	wurde
Fröhlich	favorisieren
Methoden	favorisieren
man	sprach
Eltern	gehörten
Torfwälder	finden
Blätter	färben
Grün	macht
Indigofink	sucht
Parkinitiative	brachte
Plakat	brachte
Exemplar	wurde
Baum	gibt
Besucher	kommen
Bäume	finden
es	war
Baumscheren	haben
man	beginnt
Ränder	sind
Bäume	variieren
Bewegung	wurde
Sie	leben
Weibchen	suchen
Honecker	erhielt
Baum	war
Rückreise	geht
Bäume	standen
Bäume	beschädigten
Gemeindename	ist
Triebe	entstehen
Baum	ist
Blütenpflanzen	wurden
Guirakuckuck	lebt
Baum	ist
Gaffelsegel	ist
Larven	bohren
Peabody	hat
sie	werden
Stammteile	haben
Huftiere	sind
Stadtwappen	basiert
Lanze	soll
Planungen	sehen
sie	ruhen
Larven	wandern
Er	lernt
Johannisbrotbaum	ist
Methode	ist
Auffassung	passt
Frost	brach
sie	klettern
Zitrone	ist
man	erhält
Wurzeln	Vergleiche
Eichbaum	kann
Alter	kann
Kreuz	steht
Verkehrsknotenpunkt	fotografiert
Biologe	entdeckte
Scleromochlus	könnte
Weiher	findet
Es	sind
Rinde	ist
Dithmarschen	wird
Freiheit	wird
Fichten	sind
Zuwachs	wurde
Steine	stellen
Bäume	stellen
Sätze	sind
Es	sind
Baum	ist
Ebenholz	ist
alles	kommt
Bäume	spielen
Baum	wurde
Kastanienbaum	wurde
Maler	hat
Morsche	zerstören
Nut	übernahm
Bäume	zeigen
Biographien	schrieben
er	baut
er	entwarf
er	plakatierte
Krankheit	führen
Villen	sind
Es	ist
Absonderlichkeiten	knüpften
Baum	steht
Es	sind
sie	ziehen
Baum	ist
Kiefer	ist
Bäume	wurden
Baum	wurde
man	grub
Bewuchs	überwiegt
war	ist
Name	ist
Blätter	sind
Baum	kann
Baum	erreicht
Schilderung	trägt
Bäche	fließen
Vorgaben	waren
Bäume	sollten
Daten	werden
Bäume	nehmen
Bäume	neigen
Baum	besitzt
Pflöcke	werden
Baumpieper	findet
Blütenstände	sitzen
Vater	ist
Mann	erwacht
Er	erhebt
Dorothy	ist
Wege	wurden
Scrat	merkt
Skinkartige	können
Sie	funktionieren
Wege	führen
Bäume	wachsen
Nebenblätter	bleiben
m	breite
Nest	wird
Es	sind
Gebiete	sind
man	glaubte
sie	bildet
Baum	ist
er	oblag
er	fällte
Rinde	sprach
Wirkung	sprach
sich	finden
sich	färben
Kreuz	macht
Rat	gibt
sich	finden
Teleskopgriff	haben
Schälung	beginnt
Schutz	suchen
Jahre	erhielt
Gebäude	beschädigten
Ästen	entstehen
sich	bohren
Buchen	bohren
Baum	erhält
Verschmelzen	erhält
Baum	Vergleiche
Baum	Vergleiche
Ihr	steht
Baumbestand	entdeckte
sich	findet
Rolle	spielen
Bäume	gibt
Grabsteine	zerstören
Rolle	übernahm
Brandnarben	zeigen
Baum	schrieben
Nest	baut
Flugblatt	entwarf
Protestplakate	plakatierte
Ägypter	lag
sich	knüpften
Stadt	nordwestlich
Promenade	wachsen
Bäume	wachsen
Erscheinungsbild	wachsen
sich	ziehen
Höhe	erreicht
Attribute	trägt
Sicht	nehmen
Vorfahren	besitzt
Jahre	gab
Nahrung	findet
sich	erhebt
sich	handelte
Blüten	tragen
Bodenschicht	bildet
Bäume	fällte
Seile	wurden
Feuer	wurde
Fröhlich	favorisieren
Methoden	favorisieren
man	sprach
Eltern	gehörten
Torfwälder	finden
Blätter	färben
Grün	macht
Indigofink	sucht
Parkinitiative	brachte
Plakat	brachte
Exemplar	wurde
Baum	gibt
Besucher	kommen
Bäume	finden
es	war
Baumscheren	haben
man	beginnt
Ränder	sind
Bäume	variieren
Bewegung	wurde
Sie	leben
Weibchen	suchen
Honecker	erhielt
Baum	war
Rückreise	geht
Bäume	standen
Bäume	beschädigten
Gemeindename	ist
Triebe	entstehen
Baum	ist
Blütenpflanzen	wurden
Guirakuckuck	lebt
Baum	ist
Gaffelsegel	ist
Larven	bohren
Peabody	hat
sie	werden
Stammteile	haben
Huftiere	sind
Stadtwappen	basiert
Lanze	soll
Planungen	sehen
sie	ruhen
Larven	wandern
Er	lernt
Johannisbrotbaum	ist
Methode	ist
Auffassung	passt
Frost	brach
sie	klettern
Zitrone	ist
man	erhält
Wurzeln	Vergleiche
Eichbaum	kann
Alter	kann
Kreuz	steht
Verkehrsknotenpunkt	fotografiert
Biologe	entdeckte
Scleromochlus	könnte
Weiher	findet
Es	sind
Rinde	ist
Dithmarschen	wird
Freiheit	wird
Fichten	sind
Zuwachs	wurde
Steine	stellen
Bäume	stellen
Sätze	sind
Es	sind
Baum	ist
Ebenholz	ist
alles	kommt
Bäume	spielen
Baum	wurde
Kastanienbaum	wurde
Maler	hat
Morsche	zerstören
Nut	übernahm
Bäume	zeigen
Biographien	schrieben
er	baut
er	entwarf
er	plakatierte
Krankheit	führen
Villen	sind
Es	ist
Absonderlichkeiten	knüpften
Baum	steht
Es	sind
sie	ziehen
Baum	ist
Kiefer	ist
Bäume	wurden
Baum	wurde
man	grub
Bewuchs	überwiegt
war	ist
Name	ist
Blätter	sind
Baum	kann
Baum	erreicht
Schilderung	trägt
Bäche	fließen
Vorgaben	waren
Bäume	sollten
Daten	werden
Bäume	nehmen
Bäume	neigen
Baum	besitzt
Pflöcke	werden
Baumpieper	findet
Blütenstände	sitzen
Vater	ist
Mann	erwacht
Er	erhebt
Dorothy	ist
Wege	wurden
Scrat	merkt
Skinkartige	können
Sie	funktionieren
Wege	führen
Bäume	wachsen
Nebenblätter	bleiben
m	breite
Nest	wird
Es	sind
Gebiete	sind
man	glaubte
sie	bildet
Baum	ist
er	oblag
er	fällte
Rinde	sprach
Wirkung	sprach
sich	finden
sich	färben
Kreuz	macht
Rat	gibt
sich	finden
Teleskopgriff	haben
Schälung	beginnt
Schutz	suchen
Jahre	erhielt
Gebäude	beschädigten
Ästen	entstehen
sich	bohren
Buchen	bohren
Baum	erhält
Verschmelzen	erhält
Baum	Vergleiche
Baum	Vergleiche
Ihr	steht
Baumbestand	entdeckte
sich	findet
Rolle	spielen
Bäume	gibt
Grabsteine	zerstören
Rolle	übernahm
Brandnarben	zeigen
Baum	schrieben
Nest	baut
Flugblatt	entwarf
Protestplakate	plakatierte
Ägypter	lag
sich	knüpften
Stadt	nordwestlich
Promenade	wachsen
Bäume	wachsen
Erscheinungsbild	wachsen
sich	ziehen
Höhe	erreicht
Attribute	trägt
Sicht	nehmen
Vorfahren	besitzt
Jahre	gab
Nahrung	findet
sich	erhebt
sich	handelte
Blüten	tragen
Bodenschicht	bildet
Bäume	fällte
Seile	wurden
Feuer	wurde
Fröhlich	favorisieren
Methoden	favorisieren
man	sprach
Eltern	gehörten
Torfwälder	finden
Blätter	färben
Grün	macht
Indigofink	sucht
Parkinitiative	brachte
Plakat	brachte
Exemplar	wurde
Baum	gibt
Besucher	kommen
Bäume	finden
es	war
Baumscheren	haben
man	beginnt
Ränder	sind
Bäume	variieren
Bewegung	wurde
Sie	leben
Weibchen	suchen
Honecker	erhielt
Baum	war
Rückreise	geht
Bäume	standen
Bäume	beschädigten
Gemeindename	ist
Triebe	entstehen
Baum	ist
Blütenpflanzen	wurden
Guirakuckuck	lebt
Baum	ist
Gaffelsegel	ist
Larven	bohren
Peabody	hat
sie	werden
Stammteile	haben
Huftiere	sind
Stadtwappen	basiert
Lanze	soll
Planungen	sehen
sie	ruhen
Larven	wandern
Er	lernt
Johannisbrotbaum	ist
Methode	ist
Auffassung	passt
Frost	brach
sie	klettern
Zitrone	ist
man	erhält
Wurzeln	Vergleiche
Eichbaum	kann
Alter	kann
Kreuz	steht
Verkehrsknotenpunkt	fotografiert
Biologe	entdeckte
Scleromochlus	könnte
Weiher	findet
Es	sind
Rinde	ist
Dithmarschen	wird
Freiheit	wird
Fichten	sind
Zuwachs	wurde
Steine	stellen
Bäume	stellen
Sätze	sind
Es	sind
Baum	ist
Ebenholz	ist
alles	kommt
Bäume	spielen
Baum	wurde
Kastanienbaum	wurde
Maler	hat
Morsche	zerstören
Nut	übernahm
Bäume	zeigen
Biographien	schrieben
er	baut
er	entwarf
er	plakatierte
Krankheit	führen
Villen	sind
Es	ist
Absonderlichkeiten	knüpften
Baum	steht
Es	sind
sie	ziehen
Baum	ist
Kiefer	ist
Bäume	wurden
Baum	wurde
man	grub
Bewuchs	überwiegt
war	ist
Name	ist
Blätter	sind
Baum	kann
Baum	erreicht
Schilderung	trägt
Bäche	fließen
Vorgaben	waren
Bäume	sollten
Daten	werden
Bäume	nehmen
Bäume	neigen
Baum	besitzt
Pflöcke	werden
Baumpieper	findet
Blütenstände	sitzen
Vater	ist
Mann	erwacht
Er	erhebt
Dorothy	ist
Wege	wurden
Scrat	merkt
Skinkartige	können
Sie	funktionieren
Wege	führen
Bäume	wachsen
Nebenblätter	bleiben
m	breite
Nest	wird
Es	sind
Gebiete	sind
man	glaubte
sie	bildet
Baum	ist
er	oblag
er	fällte
Rinde	sprach
Wirkung	sprach
sich	finden
sich	färben
Kreuz	macht
Rat	gibt
sich	finden
Teleskopgriff	haben
Schälung	beginnt
Schutz	suchen
Jahre	erhielt
Gebäude	beschädigten
Ästen	entstehen
sich	bohren
Buchen	bohren
Baum	erhält
Verschmelzen	erhält
Baum	Vergleiche
Baum	Vergleiche
Ihr	steht
Baumbestand	entdeckte
sich	findet
Rolle	spielen
Bäume	gibt
Grabsteine	zerstören
Rolle	übernahm
Brandnarben	zeigen
Baum	schrieben
Nest	baut
Flugblatt	entwarf
Protestplakate	plakatierte
Ägypter	lag
sich	knüpften
Stadt	nordwestlich
Promenade	wachsen
Bäume	wachsen
Erscheinungsbild	wachsen
sich	ziehen
Höhe	erreicht
Attribute	trägt
Sicht	nehmen
Vorfahren	besitzt
Jahre	gab
Nahrung	findet
sich	erhebt
sich	handelte
Blüten	tragen
Bodenschicht	bildet
Bäume	fällte
