man	könnte
Bundesinnenminister	sieht
Duft	steigt
Wir	würden
Liberale	sekundierte
Beamten	glaubten
Baum	war
Binu	saß
sie	dachten
Limonade	wächst
Prozent	hatten
Blätter	hatten
Blitzeinschläge	sorgten
Bäume	stürzten
Bäume	werden
Bäume	sind
Sträucher	sind
Herr	Bekommt
Bäume	könnten
Bundesinnenminister	warnte
Bäume	stürzten
Blick	schmerzt
Waldarbeiter	starb
Bäume	drohen
Frau	wurde
sie	bekommen
Baum	erhält
Art	sollten
Baum	wurde
Spannungsblitze	sprangen
Pilze	zersetzen
dies	wird
Nachfrage	führe
Baum	wird
Graf	sagte
Händler	ist
haben	ist
Dies	entspricht
Efeu	ist
Bäume	stehen
Sturm	hat
Amazonas-Region	ist
Feuerwehr	war
Stamm	ist
Prozent	sind
Sauerlandlinie	musste
Malerei	stehen
Vorhaben	kam
Bäume	können
möchte	kann
Baum	wollte
Es	ist
er	lässt
Fortbestand	ist
Bäume	wurden
Baum	forderte
H.	hatte
Kriterien	orientieren
Baum	schuf
Öloliven	werden
Weihnachten	wäre
er	schlägt
Accessoires	tauchen
Eitel	behauptete
war	wird
er	sitzt
man	entdeckt
Klar	ausreißt
95-PS-Saugmotor	ausreißt
Namenstafel	ermögliche
169	fiel
viele	schneiden
Bäume	müssten
sie	sind
wir	fällen
Bäume	werden
Es	war
Sense	zerschnitten
Rotorblätter	zerschnitten
Varianten	berücksichtigen
Ludwichowski	sagt
Pfeffer	ist
Jahrgang	befestigt
Geld	wächst
Holzfestigkeit	ist
Baum	weit
Bäume	sind
Ohligser	erinnern
Strecken	waren
Anteil	ist
Welt	darf
Laub	fällt
Feuerwehr	meldete
Setzlinge	werden
Keller	empfahl
Sie	finden
Leute	treiben
Abwassergesellschaft	kann
LANGENENSLINGEN	war
man	war
Bäume	stehen
Pfarrer	werden
Bürgermeister	werden
Zimmermänner	schmückten
Holzhauer	ging
Falter	klettern
Ich	war
neuen	kommen
Mann	war
Autobahn	wird
Premier	bezahlte
Mitarbeiter	zersägen
Keller	liefen
Mehr	soll
Kettensäge	soll
Bahnhof	präsentiert
riss	fiel
Bauhof	ist
R	zierte
Fällen	habe
Bäume	müssten
Landschaftsarchitekt	kümmerte
Thermometer	sinkt
Er	berauscht
Baum	stand
Das	können
Steine	können
ich	weiß
Reichenhallerin	kam
Tendenz	ist
Kleinen	bekamen
Geschenke	lagen
