ich	werde
Achtung	fällt
Baum	fällt
Baumfällarbeiten	stehen
Agroscope	will
Baum	verliert
sie	räumte
Bäume	werden
sie	fanden
Bäume	wurden
er	bezeichnete
er	begann
Anwohner	kaufen
Arnsdorf	wirft
Festbinden	wirft
Baum	verschwinden
wir	haben
Feuerwehrleute	waren
Politiker	pflanzten
er	geriet
Autofahrer	verlor
er	streifte
Bäume	kehrten
Linden	sollten
Bäume	sind
Bäume	bilden
Baum	sprach
Anforderungen	sind
Ernte	wird
Fahrer	wollte
Baum	ist
Bäume	wirken
sein	hat
Samen	kann
Ausschmückung	war
Baum	wurde
Bäume	sind
man	kann
man	besuchte
Filzen	frotzelt
er	wurde
Baum	folgt
ist	waren
Bäume	waren
Männer	erschienen
Äffchen	sprang
Ortsbild	würde
Gemeinde	würde
Ergebnis	sind
erste	ist
Medien	berichteten
Resultat	zeigt
fällt	ist
Das	sind
Sonnenlicht	klebt
man	tue
Warndreieck	hing
Auto	kam
Demonstranten	sägen
sie	begleitete
Freiwilligen	haben
66-Jährige	war
Baum	befindet
Baum	symbolisiert
Baum	kommt
Baum	liegt
er	soll
Zug	war
Ernteertrag	wird
wünscht	kann
Fahrer	machte
FC	macht
FDP-Politiker	wiederholte
Wald	besteht
Mossmann	betont
Zettel	hängt
Handwerker	sägt
Leichnam	lag
Manager	lobte
Heinze	bestückte
Abenteurer	kann
Sturm	knickte
Mast	fiel
Wagen	schleuderte
Wagen	war
19-Jährige	erkannte
Frei	erklärt
Bäume	würden
Bäume	würden
Bäume	wurden
Marktverantwortlichen	freuten
Berufsfeuerwehrmänner	rücken
Die	erfassen
Fahrbahn	musste
Feuerwehr	hob
Kastrup	erläuterte
Streifen	beginnen
Höhe	kann
Hündin	sei
Stadtgartenchef	sagt
Mitgesellschafter	erwarben
Reaktionen	waren
Sehne	durchtrennten
Scheite	stammen
Diese	erfordere
Frage	beschäftigt
Bäume	seien
George	könne
man	meinte
Technik	erkennt
Teilnehmer	hatten
was	führt
das	abrutschte
Bus	abrutschte
Baum	ist
Hinterbliebene	können
Audi	prallte
man	kommt
ich	bin
Mann	ist
Baum	verhinderte
sie	ging
Bäume	will
Ahrensburg	verliert
Charakter	verliert
21-Jährigen	fanden
Bemängeln	bezeichnete
Lichtinstallation	gibt
Fragen	wirft
Feingefühl	haben
Gehölze	haben
Baum	pflanzten
Gewalt	verlor
Leitpfosten	streifte
Gerüst	bilden
sich	sprach
sich	handelt
Vorteile	hat
Baum	besuchte
Das	tue
Tochter	begleitete
sich	befindet
Wirken	symbolisiert
Satz	machte
Interimscoach	macht
Kritik	wiederholte
Bäume	sägt
Entwicklung	lobte
Baum	bestückte
Bäume	knickte
Baumkronen	knickte
Clown	erkannte
Grund	erklärt
sich	freuten
Temperatur	erfassen
Hälfte	erwarben
Fällung	erfordere
Ermittler	beschäftigt
ihm	seien
Gnade	meinte
Hindernisse	erkennt
Landwirt	führt
Hang	abrutschte
Denkmalschutz	kommt
ich	werde
Achtung	fällt
Baum	fällt
Baumfällarbeiten	stehen
Agroscope	will
Baum	verliert
sie	räumte
Bäume	werden
sie	fanden
Bäume	wurden
er	bezeichnete
er	begann
Anwohner	kaufen
Arnsdorf	wirft
Festbinden	wirft
Baum	verschwinden
wir	haben
Feuerwehrleute	waren
Politiker	pflanzten
er	geriet
Autofahrer	verlor
er	streifte
Bäume	kehrten
Linden	sollten
Bäume	sind
Bäume	bilden
Baum	sprach
Anforderungen	sind
Ernte	wird
Fahrer	wollte
Baum	ist
Bäume	wirken
sein	hat
Samen	kann
Ausschmückung	war
Baum	wurde
Bäume	sind
man	kann
man	besuchte
Filzen	frotzelt
er	wurde
Baum	folgt
ist	waren
Bäume	waren
Männer	erschienen
Äffchen	sprang
Ortsbild	würde
Gemeinde	würde
Ergebnis	sind
erste	ist
Medien	berichteten
Resultat	zeigt
fällt	ist
Das	sind
Sonnenlicht	klebt
man	tue
Warndreieck	hing
Auto	kam
Demonstranten	sägen
sie	begleitete
Freiwilligen	haben
66-Jährige	war
Baum	befindet
Baum	symbolisiert
Baum	kommt
Baum	liegt
er	soll
Zug	war
Ernteertrag	wird
wünscht	kann
Fahrer	machte
FC	macht
FDP-Politiker	wiederholte
Wald	besteht
Mossmann	betont
Zettel	hängt
Handwerker	sägt
Leichnam	lag
Manager	lobte
Heinze	bestückte
Abenteurer	kann
Sturm	knickte
Mast	fiel
Wagen	schleuderte
Wagen	war
19-Jährige	erkannte
Frei	erklärt
Bäume	würden
Bäume	würden
Bäume	wurden
Marktverantwortlichen	freuten
Berufsfeuerwehrmänner	rücken
Die	erfassen
Fahrbahn	musste
Feuerwehr	hob
Kastrup	erläuterte
Streifen	beginnen
Höhe	kann
Hündin	sei
Stadtgartenchef	sagt
Mitgesellschafter	erwarben
Reaktionen	waren
Sehne	durchtrennten
Scheite	stammen
Diese	erfordere
Frage	beschäftigt
Bäume	seien
George	könne
man	meinte
Technik	erkennt
Teilnehmer	hatten
was	führt
das	abrutschte
Bus	abrutschte
Baum	ist
Hinterbliebene	können
Audi	prallte
man	kommt
ich	bin
Mann	ist
Baum	verhinderte
sie	ging
Bäume	will
Ahrensburg	verliert
Charakter	verliert
21-Jährigen	fanden
Bemängeln	bezeichnete
Lichtinstallation	gibt
Fragen	wirft
Feingefühl	haben
Gehölze	haben
Baum	pflanzten
Gewalt	verlor
Leitpfosten	streifte
Gerüst	bilden
sich	sprach
sich	handelt
Vorteile	hat
Baum	besuchte
Das	tue
Tochter	begleitete
sich	befindet
Wirken	symbolisiert
Satz	machte
Interimscoach	macht
Kritik	wiederholte
Bäume	sägt
Entwicklung	lobte
Baum	bestückte
Bäume	knickte
Baumkronen	knickte
Clown	erkannte
Grund	erklärt
sich	freuten
Temperatur	erfassen
Hälfte	erwarben
Fällung	erfordere
Ermittler	beschäftigt
ihm	seien
Gnade	meinte
Hindernisse	erkennt
Landwirt	führt
Hang	abrutschte
Denkmalschutz	kommt
