es	wurde
Gründung	erfolgte
Polizeidiener	wird
Archäologe	grub
1941	wurde
Werk	wurde
Dame	abgedruckt
Gesetzgeber	hat
er	lernte
Beats	erschien
sie	erreichten
Sohn	kam
Programmierer	brachte
Firefox	sodass
Sony	brachte
Unternehmen	machte
Troell	meldete
Moguai	startete
Vorsitzender	wurde
er	wird
Suche	ist
Daten	werden
sie	war
sie	ist
Begriff	geriet
Küster	wird
Zwerge	können
Schmerz	meldet
das	trägt
Gutteil	wird
Aber	erscheint
Bauwerke	sind
Das	soll
Art	kommt
Basis	ist
sie	ist
Vorfahren	lebten
Landwirte	lebten
Tom	trifft
klauen	ist
Achmed	weiß
es	ist
Addie	erfährt
Universität	wird
Adobe	ist
III.	hatten
Held	produzierte
Musik	produzierte
Rotschnabelmöwe	Adulte
Larus	ist
croceipennis	sieht
Akrobatikelemente	sind
Ehefrau	führt
Plan	scheint
Aktuell	zählt
Flotte	zählt
Akyün	schreibt
Aleksandr	entpuppt
Szodruch	war
Aliquo	wuchs
Vater	ist
Tenorsaxophonist	ist
Angriffe	konnten
Alle	freuen
Plakette	dokumentiert
Alle	machen
Allen	ist
aufkniet	ist
Allen	ist
sind	ist
er	erwähnt
Altkirchenslawische	ist
sie	ist
spezielles	kann
dies	kostet
Geschlechtsdimorphismus	liegt
ist	sei
Neckarwestheim	sei
Gesamtheit	wird
Farbe	wird
Dr.	zieht
Alles	wird
Alles	ist
Lavinia	wird
Alles	kam
Kombination	besteht
NetHack	ist
er	behauptete
Person	gilt
Gebäude	ist
Goert	ist
er	trifft
er	lässt
er	stellt
er	entschließt
sie	willigt
Eindruck	verstärkt
diese	blutet
Freude	war
Herr	kommt
Martina	erhält
Prinzessin	lässt
Kleid	lässt
sie	gibt
Gruppe	beginnt
dieser	ist
Ōtomo	macht
Knappenberger	wurde
Rad	stockt
er	will
er	liest
er	beginnt
dieser	gerät
Gerda	beschließt
alle	sind
Krankenhauspfarrer	kommt
er	wird
er	fasst
Machthaberin	kommt
er	erfährt
er	war
Laiendarsteller	wurde
sie	haben
Emil	naht
Arthur	weiß
Ortschaft	grub
Semifinale	erreichten
Abe	brachte
Erweiterung	brachte
2006	brachte
Autoradio	brachte
Millionen	machte
sich	meldete
Podcast	startete
sich	stellt
Mutter	trägt
sich	meldet
sich	lässt
L.	sieht
Haus	führt
Schaufelradschiffe	zählt
sich	entpuppt
sich	freuen
Sicherheit	dokumentiert
sich	machen
Verwendung	erwähnt
Stellungen	gibt
Steuerzahler	kostet
Preis	kostet
Schnorrer	lässt
sich	entschließt
Kampf	führt
sich	verstärkt
Engagement	erhält
sich	lässt
Grundsteinlegung	erfolgte
sich	stellt
sich	macht
Gedichte	liest
ihr	gerät
sich	fasst
Herz	fasst
ihm	kommt
Beschilderung	haben
es	wurde
Gründung	erfolgte
Polizeidiener	wird
Archäologe	grub
1941	wurde
Werk	wurde
Dame	abgedruckt
Gesetzgeber	hat
er	lernte
Beats	erschien
sie	erreichten
Sohn	kam
Programmierer	brachte
Firefox	sodass
Sony	brachte
Unternehmen	machte
Troell	meldete
Moguai	startete
Vorsitzender	wurde
er	wird
Suche	ist
Daten	werden
sie	war
sie	ist
Begriff	geriet
Küster	wird
Zwerge	können
Schmerz	meldet
das	trägt
Gutteil	wird
Aber	erscheint
Bauwerke	sind
Das	soll
Art	kommt
Basis	ist
sie	ist
Vorfahren	lebten
Landwirte	lebten
Tom	trifft
klauen	ist
Achmed	weiß
es	ist
Addie	erfährt
Universität	wird
Adobe	ist
III.	hatten
Held	produzierte
Musik	produzierte
Rotschnabelmöwe	Adulte
Larus	ist
croceipennis	sieht
Akrobatikelemente	sind
Ehefrau	führt
Plan	scheint
Aktuell	zählt
Flotte	zählt
Akyün	schreibt
Aleksandr	entpuppt
Szodruch	war
Aliquo	wuchs
Vater	ist
Tenorsaxophonist	ist
Angriffe	konnten
Alle	freuen
Plakette	dokumentiert
Alle	machen
Allen	ist
aufkniet	ist
Allen	ist
sind	ist
er	erwähnt
Altkirchenslawische	ist
sie	ist
spezielles	kann
dies	kostet
Geschlechtsdimorphismus	liegt
ist	sei
Neckarwestheim	sei
Gesamtheit	wird
Farbe	wird
Dr.	zieht
Alles	wird
Alles	ist
Lavinia	wird
Alles	kam
Kombination	besteht
NetHack	ist
er	behauptete
Person	gilt
Gebäude	ist
Goert	ist
er	trifft
er	lässt
er	stellt
er	entschließt
sie	willigt
Eindruck	verstärkt
diese	blutet
Freude	war
Herr	kommt
Martina	erhält
Prinzessin	lässt
Kleid	lässt
sie	gibt
Gruppe	beginnt
dieser	ist
Ōtomo	macht
Knappenberger	wurde
Rad	stockt
er	will
er	liest
er	beginnt
dieser	gerät
Gerda	beschließt
alle	sind
Krankenhauspfarrer	kommt
er	wird
er	fasst
Machthaberin	kommt
er	erfährt
er	war
Laiendarsteller	wurde
sie	haben
Emil	naht
Arthur	weiß
Ortschaft	grub
Semifinale	erreichten
Abe	brachte
Erweiterung	brachte
2006	brachte
Autoradio	brachte
Millionen	machte
sich	meldete
Podcast	startete
sich	stellt
Mutter	trägt
sich	meldet
sich	lässt
L.	sieht
Haus	führt
Schaufelradschiffe	zählt
sich	entpuppt
sich	freuen
Sicherheit	dokumentiert
sich	machen
Verwendung	erwähnt
Stellungen	gibt
Steuerzahler	kostet
Preis	kostet
Schnorrer	lässt
sich	entschließt
Kampf	führt
sich	verstärkt
Engagement	erhält
sich	lässt
Grundsteinlegung	erfolgte
sich	stellt
sich	macht
Gedichte	liest
ihr	gerät
sich	fasst
Herz	fasst
ihm	kommt
Beschilderung	haben
es	wurde
Gründung	erfolgte
Polizeidiener	wird
Archäologe	grub
1941	wurde
Werk	wurde
Dame	abgedruckt
Gesetzgeber	hat
er	lernte
Beats	erschien
sie	erreichten
Sohn	kam
Programmierer	brachte
Firefox	sodass
Sony	brachte
Unternehmen	machte
Troell	meldete
Moguai	startete
Vorsitzender	wurde
er	wird
Suche	ist
Daten	werden
sie	war
sie	ist
Begriff	geriet
Küster	wird
Zwerge	können
Schmerz	meldet
das	trägt
Gutteil	wird
Aber	erscheint
Bauwerke	sind
Das	soll
Art	kommt
Basis	ist
sie	ist
Vorfahren	lebten
Landwirte	lebten
Tom	trifft
klauen	ist
Achmed	weiß
es	ist
Addie	erfährt
Universität	wird
Adobe	ist
III.	hatten
Held	produzierte
Musik	produzierte
Rotschnabelmöwe	Adulte
Larus	ist
croceipennis	sieht
Akrobatikelemente	sind
Ehefrau	führt
Plan	scheint
Aktuell	zählt
Flotte	zählt
Akyün	schreibt
Aleksandr	entpuppt
Szodruch	war
Aliquo	wuchs
Vater	ist
Tenorsaxophonist	ist
Angriffe	konnten
Alle	freuen
Plakette	dokumentiert
Alle	machen
Allen	ist
aufkniet	ist
Allen	ist
sind	ist
er	erwähnt
Altkirchenslawische	ist
sie	ist
spezielles	kann
dies	kostet
Geschlechtsdimorphismus	liegt
ist	sei
Neckarwestheim	sei
Gesamtheit	wird
Farbe	wird
Dr.	zieht
Alles	wird
Alles	ist
Lavinia	wird
Alles	kam
Kombination	besteht
NetHack	ist
er	behauptete
Person	gilt
Gebäude	ist
Goert	ist
er	trifft
er	lässt
er	stellt
er	entschließt
sie	willigt
Eindruck	verstärkt
diese	blutet
Freude	war
Herr	kommt
Martina	erhält
Prinzessin	lässt
Kleid	lässt
sie	gibt
Gruppe	beginnt
dieser	ist
Ōtomo	macht
Knappenberger	wurde
Rad	stockt
er	will
er	liest
er	beginnt
dieser	gerät
Gerda	beschließt
alle	sind
Krankenhauspfarrer	kommt
er	wird
er	fasst
Machthaberin	kommt
er	erfährt
er	war
Laiendarsteller	wurde
sie	haben
Emil	naht
Arthur	weiß
Ortschaft	grub
Semifinale	erreichten
Abe	brachte
Erweiterung	brachte
2006	brachte
Autoradio	brachte
Millionen	machte
sich	meldete
Podcast	startete
sich	stellt
Mutter	trägt
sich	meldet
sich	lässt
L.	sieht
Haus	führt
Schaufelradschiffe	zählt
sich	entpuppt
sich	freuen
Sicherheit	dokumentiert
sich	machen
Verwendung	erwähnt
Stellungen	gibt
Steuerzahler	kostet
Preis	kostet
Schnorrer	lässt
sich	entschließt
Kampf	führt
sich	verstärkt
Engagement	erhält
sich	lässt
Grundsteinlegung	erfolgte
sich	stellt
sich	macht
Gedichte	liest
ihr	gerät
sich	fasst
Herz	fasst
ihm	kommt
Beschilderung	haben
es	wurde
Gründung	erfolgte
Polizeidiener	wird
Archäologe	grub
1941	wurde
Werk	wurde
Dame	abgedruckt
Gesetzgeber	hat
er	lernte
Beats	erschien
sie	erreichten
Sohn	kam
Programmierer	brachte
Firefox	sodass
Sony	brachte
Unternehmen	machte
Troell	meldete
Moguai	startete
Vorsitzender	wurde
er	wird
Suche	ist
Daten	werden
sie	war
sie	ist
Begriff	geriet
Küster	wird
Zwerge	können
Schmerz	meldet
das	trägt
Gutteil	wird
Aber	erscheint
Bauwerke	sind
Das	soll
Art	kommt
Basis	ist
sie	ist
Vorfahren	lebten
Landwirte	lebten
Tom	trifft
klauen	ist
Achmed	weiß
es	ist
Addie	erfährt
Universität	wird
Adobe	ist
III.	hatten
Held	produzierte
Musik	produzierte
Rotschnabelmöwe	Adulte
Larus	ist
croceipennis	sieht
Akrobatikelemente	sind
Ehefrau	führt
Plan	scheint
Aktuell	zählt
Flotte	zählt
Akyün	schreibt
Aleksandr	entpuppt
Szodruch	war
Aliquo	wuchs
Vater	ist
Tenorsaxophonist	ist
Angriffe	konnten
Alle	freuen
Plakette	dokumentiert
Alle	machen
Allen	ist
aufkniet	ist
Allen	ist
sind	ist
er	erwähnt
Altkirchenslawische	ist
sie	ist
spezielles	kann
dies	kostet
Geschlechtsdimorphismus	liegt
ist	sei
Neckarwestheim	sei
Gesamtheit	wird
Farbe	wird
Dr.	zieht
Alles	wird
Alles	ist
Lavinia	wird
Alles	kam
Kombination	besteht
NetHack	ist
er	behauptete
Person	gilt
Gebäude	ist
Goert	ist
er	trifft
er	lässt
er	stellt
er	entschließt
sie	willigt
Eindruck	verstärkt
diese	blutet
Freude	war
Herr	kommt
Martina	erhält
Prinzessin	lässt
Kleid	lässt
sie	gibt
Gruppe	beginnt
dieser	ist
Ōtomo	macht
Knappenberger	wurde
Rad	stockt
er	will
er	liest
er	beginnt
dieser	gerät
Gerda	beschließt
alle	sind
Krankenhauspfarrer	kommt
er	wird
er	fasst
Machthaberin	kommt
er	erfährt
er	war
Laiendarsteller	wurde
sie	haben
Emil	naht
Arthur	weiß
Ortschaft	grub
Semifinale	erreichten
Abe	brachte
Erweiterung	brachte
2006	brachte
Autoradio	brachte
Millionen	machte
sich	meldete
Podcast	startete
sich	stellt
Mutter	trägt
sich	meldet
sich	lässt
L.	sieht
Haus	führt
Schaufelradschiffe	zählt
sich	entpuppt
sich	freuen
Sicherheit	dokumentiert
sich	machen
Verwendung	erwähnt
Stellungen	gibt
Steuerzahler	kostet
Preis	kostet
Schnorrer	lässt
sich	entschließt
Kampf	führt
sich	verstärkt
Engagement	erhält
sich	lässt
Grundsteinlegung	erfolgte
sich	stellt
sich	macht
Gedichte	liest
ihr	gerät
sich	fasst
Herz	fasst
ihm	kommt
Beschilderung	haben
Hinterstoder	Trachtenmusikkapelle
manchen	Tagen
überhandnehmenden	Bettel
der	Zeitschrift
der	Konzeption
zahlreichen	Einzelgesetzen
einem	Gesetzeswerk
zusammenhängenden	Gesetzeswerk
Nicholson	Set
One-Hit-Wonder	Warning
neues	Produkt
Vanilla-Coke	Produkt
den	Mozilla
siebbaren	Materialien
230	Mitarbeitern
die	Kinoleinwand
den	UK
die	Gehörlosenseelsorge
der	England
36.	Simuliertes
einem	Argument
simulierten	Argument
passenden	3D-Konformationen
der	Wirkstoffentwicklung
die	Königin
dem	August
23.	August
1861	August
seinen	Zaubereien
der	Lebenswoche
fünften	Lebenswoche
das	Junge
die	Live-Versionen
vier	Orchester
den	Sarg
gläsernen	Sarg
den	Zwergen
dem	Gefühl
wohligen	Gefühl
der	Politik
der	Problematik
eine	Politik
30.	April
2012	April
dem	Meer
einem	Fundort
isolierten	Fundort
niedersächsischen	Silberberg
der	Nähe
eine	IP-Adresse
gültige	IP-Adresse
der	Texte
der	Familienchronik
Wingarteiba	Gau
kaiserlichen	Heeren
einem	Stiel
kurzen	Stiel
dem	Markt
Beuditz	Kloster
dem	Künstlernamen
i	Künstlernamen
seinen	Namen
bürgerlichen	Namen
Immature	Rotschnabelmöwe
flüssige	Ausgänge
harmonische	Ausgänge
Mangelsdorf	Hause
ihrer	Tochter
ihr	Leben
der	Kultur
deutschen	Kultur
ihren	Geschichten
gedankenloser	Egoist
den	Carrie
den	Schuldendienst
genannter	Balance
Sheet-Effekt	Balance
einer	Familie
musikalischen	Familie
den	Suburbs
der	Jazzszene
regionalen	Jazzszene
militärischen	Gesichtspunkten
dem	Kennzeichen
VdS	Kennzeichen
einem	Fest
beiden	Unterschenkeln
die	Bank-Position
der	Regel
den	Büchern
vielen	Meinungen
66	Zügen
seines	Alters
hoher	Bedeutung
das	Studium
historisch-vergleichende	Studium
das	Vieh
einem	nicht-surjektiven
einem	Modulraum
einem	Problem
finanziellen	Problem
dem	Erscheinungsbild
äußeren	Erscheinungsbild
der	Kippe
verallgemeinernden	Schlagwort
die	Heirat
drei	Jahren
den	Göttern
schneidenden	Waffen
der	Rollenbeziehungen
sozialen	Rollenbeziehungen
den	Einstellungen
ältestes	Bauwerk
bekanntes	Bauwerk
dem	Jahrhundert
frühen	Jahrhundert
14.	Jahrhundert
diesem	Ort
5.	Dezember
2010	Dezember
einen	Redner
die	Bude
den	Opfern
dem	Apartment
dem	Disc-Jockey
berühmten	Disc-Jockey
der	Tanzfläche
weiten	Teilen
dem	Schwein
Cleopatra	Schwein
nächsten	Tag
Brasilianische	Tafel
den	Erdwissenschaften
geologischen	Aufbau
das	Schiff
10.	April
1768	April
den	Färöern
der	Meinung
eine	Saison
der	Opera
die	Laus
dem	Fell
der	Folge
Wife	Folge
einen	Körper
menschlichen	Körper
dem	Doktor
die	Kirche
spätgotische	Kirche
einem	Stich
14.	Juni
1725	Juni
einer	Kirche
neuen	Kirche
die	Zahlungen
seinen	Besitz
ein	Zufall
glücklicher	Zufall
selben	Sonnensystem
einem	Schiff
den	Weg
einziger	Wissenschaftler
höchsten	Punkt
einer	Lungenentzündung
dem	Zauberer
Morelli	Zauberer
einem	Fest
abendlichen	Fest
der	Bitte
ein	Stelldichein
intimes	Stelldichein
die	Magie
Scapinellis	Magie
falsche	Hände
die	Lyduschkas
der	Ruhestand
dem	Mann
den	Leiter
der	Tatsache
seiner	Phantasie
der	Lobby
einer	Aufständischen
die	Quere
freien	Fuß
dem	Abbruch
Mutual	Money
den	Internetverkehr
der	Kamera
den	Zwergklapperschlangen
mehreren	Schilden
großen	Schilden
den	Klapperschlangen
zahlreiche	Einzelschuppen
Birowski	Herr
Merkmal	ist
ranggleich	war
Staffel	ist
Flo's	ist
Managerin	ist
Wiedergabe	ist
Problem	ist
möglich	ist
Burg	sind
IP-Netzwerk	ist
verfügen	ist
Abschließend	ist
Meinung	ist
Ziel	ist
Adaxial	ist
Administrativ	wird
Konkurrenzprodukt	ist
Tochter	hatten
Möwenart	ist
Folge	war
gemein	ist
gemein	ist
ähnlich	ist
schmackhaft	ist
angemerkt	sei
eines	sei
Weiterentwicklung	ist
bekannt	ist
besorgt	ist
groß	war
informiert	ist
schockiert	ist
überzeugt	sind
Reihe	war
Hinterstoder	Trachtenmusikkapelle
manchen	Tagen
überhandnehmenden	Bettel
der	Zeitschrift
der	Konzeption
zahlreichen	Einzelgesetzen
einem	Gesetzeswerk
zusammenhängenden	Gesetzeswerk
Nicholson	Set
One-Hit-Wonder	Warning
neues	Produkt
Vanilla-Coke	Produkt
den	Mozilla
siebbaren	Materialien
230	Mitarbeitern
die	Kinoleinwand
den	UK
die	Gehörlosenseelsorge
der	England
36.	Simuliertes
einem	Argument
simulierten	Argument
passenden	3D-Konformationen
der	Wirkstoffentwicklung
die	Königin
dem	August
23.	August
1861	August
seinen	Zaubereien
der	Lebenswoche
fünften	Lebenswoche
das	Junge
die	Live-Versionen
vier	Orchester
den	Sarg
gläsernen	Sarg
den	Zwergen
dem	Gefühl
wohligen	Gefühl
der	Politik
der	Problematik
eine	Politik
30.	April
2012	April
dem	Meer
einem	Fundort
isolierten	Fundort
niedersächsischen	Silberberg
der	Nähe
eine	IP-Adresse
gültige	IP-Adresse
der	Texte
der	Familienchronik
Wingarteiba	Gau
kaiserlichen	Heeren
einem	Stiel
kurzen	Stiel
dem	Markt
Beuditz	Kloster
dem	Künstlernamen
i	Künstlernamen
seinen	Namen
bürgerlichen	Namen
Immature	Rotschnabelmöwe
flüssige	Ausgänge
harmonische	Ausgänge
Mangelsdorf	Hause
ihrer	Tochter
ihr	Leben
der	Kultur
deutschen	Kultur
ihren	Geschichten
gedankenloser	Egoist
den	Carrie
den	Schuldendienst
genannter	Balance
Sheet-Effekt	Balance
einer	Familie
musikalischen	Familie
den	Suburbs
der	Jazzszene
regionalen	Jazzszene
militärischen	Gesichtspunkten
dem	Kennzeichen
VdS	Kennzeichen
einem	Fest
beiden	Unterschenkeln
die	Bank-Position
der	Regel
den	Büchern
vielen	Meinungen
66	Zügen
seines	Alters
hoher	Bedeutung
das	Studium
historisch-vergleichende	Studium
das	Vieh
einem	nicht-surjektiven
einem	Modulraum
einem	Problem
finanziellen	Problem
dem	Erscheinungsbild
äußeren	Erscheinungsbild
der	Kippe
verallgemeinernden	Schlagwort
die	Heirat
drei	Jahren
den	Göttern
schneidenden	Waffen
der	Rollenbeziehungen
sozialen	Rollenbeziehungen
den	Einstellungen
ältestes	Bauwerk
bekanntes	Bauwerk
dem	Jahrhundert
frühen	Jahrhundert
14.	Jahrhundert
diesem	Ort
5.	Dezember
2010	Dezember
einen	Redner
die	Bude
den	Opfern
dem	Apartment
dem	Disc-Jockey
berühmten	Disc-Jockey
der	Tanzfläche
weiten	Teilen
dem	Schwein
Cleopatra	Schwein
nächsten	Tag
Brasilianische	Tafel
den	Erdwissenschaften
geologischen	Aufbau
das	Schiff
10.	April
1768	April
den	Färöern
der	Meinung
eine	Saison
der	Opera
die	Laus
dem	Fell
der	Folge
Wife	Folge
einen	Körper
menschlichen	Körper
dem	Doktor
die	Kirche
spätgotische	Kirche
einem	Stich
14.	Juni
1725	Juni
einer	Kirche
neuen	Kirche
die	Zahlungen
seinen	Besitz
ein	Zufall
glücklicher	Zufall
selben	Sonnensystem
einem	Schiff
den	Weg
einziger	Wissenschaftler
höchsten	Punkt
einer	Lungenentzündung
dem	Zauberer
Morelli	Zauberer
einem	Fest
abendlichen	Fest
der	Bitte
ein	Stelldichein
intimes	Stelldichein
die	Magie
Scapinellis	Magie
falsche	Hände
die	Lyduschkas
der	Ruhestand
dem	Mann
den	Leiter
der	Tatsache
seiner	Phantasie
der	Lobby
einer	Aufständischen
die	Quere
freien	Fuß
dem	Abbruch
Mutual	Money
den	Internetverkehr
der	Kamera
den	Zwergklapperschlangen
mehreren	Schilden
großen	Schilden
den	Klapperschlangen
zahlreiche	Einzelschuppen
Birowski	Herr
Merkmal	ist
ranggleich	war
Staffel	ist
Flo's	ist
Managerin	ist
Wiedergabe	ist
Problem	ist
möglich	ist
Burg	sind
IP-Netzwerk	ist
verfügen	ist
Abschließend	ist
Meinung	ist
Ziel	ist
Adaxial	ist
Administrativ	wird
Konkurrenzprodukt	ist
Tochter	hatten
Möwenart	ist
Folge	war
gemein	ist
gemein	ist
ähnlich	ist
schmackhaft	ist
angemerkt	sei
eines	sei
Weiterentwicklung	ist
bekannt	ist
besorgt	ist
groß	war
informiert	ist
schockiert	ist
überzeugt	sind
Reihe	war
Hinterstoder	Trachtenmusikkapelle
manchen	Tagen
überhandnehmenden	Bettel
der	Zeitschrift
der	Konzeption
zahlreichen	Einzelgesetzen
einem	Gesetzeswerk
zusammenhängenden	Gesetzeswerk
Nicholson	Set
One-Hit-Wonder	Warning
neues	Produkt
Vanilla-Coke	Produkt
den	Mozilla
siebbaren	Materialien
230	Mitarbeitern
die	Kinoleinwand
den	UK
die	Gehörlosenseelsorge
der	England
36.	Simuliertes
einem	Argument
simulierten	Argument
passenden	3D-Konformationen
der	Wirkstoffentwicklung
die	Königin
dem	August
23.	August
1861	August
seinen	Zaubereien
der	Lebenswoche
fünften	Lebenswoche
das	Junge
die	Live-Versionen
vier	Orchester
den	Sarg
gläsernen	Sarg
den	Zwergen
dem	Gefühl
wohligen	Gefühl
der	Politik
der	Problematik
eine	Politik
30.	April
2012	April
dem	Meer
einem	Fundort
isolierten	Fundort
niedersächsischen	Silberberg
der	Nähe
eine	IP-Adresse
gültige	IP-Adresse
der	Texte
der	Familienchronik
Wingarteiba	Gau
kaiserlichen	Heeren
einem	Stiel
kurzen	Stiel
dem	Markt
Beuditz	Kloster
dem	Künstlernamen
i	Künstlernamen
seinen	Namen
bürgerlichen	Namen
Immature	Rotschnabelmöwe
flüssige	Ausgänge
harmonische	Ausgänge
Mangelsdorf	Hause
ihrer	Tochter
ihr	Leben
der	Kultur
deutschen	Kultur
ihren	Geschichten
gedankenloser	Egoist
den	Carrie
den	Schuldendienst
genannter	Balance
Sheet-Effekt	Balance
einer	Familie
musikalischen	Familie
den	Suburbs
der	Jazzszene
regionalen	Jazzszene
militärischen	Gesichtspunkten
dem	Kennzeichen
VdS	Kennzeichen
einem	Fest
beiden	Unterschenkeln
die	Bank-Position
der	Regel
den	Büchern
vielen	Meinungen
66	Zügen
seines	Alters
hoher	Bedeutung
das	Studium
historisch-vergleichende	Studium
das	Vieh
einem	nicht-surjektiven
einem	Modulraum
einem	Problem
finanziellen	Problem
dem	Erscheinungsbild
äußeren	Erscheinungsbild
der	Kippe
verallgemeinernden	Schlagwort
die	Heirat
drei	Jahren
den	Göttern
schneidenden	Waffen
der	Rollenbeziehungen
sozialen	Rollenbeziehungen
den	Einstellungen
ältestes	Bauwerk
bekanntes	Bauwerk
dem	Jahrhundert
frühen	Jahrhundert
14.	Jahrhundert
diesem	Ort
5.	Dezember
2010	Dezember
einen	Redner
die	Bude
den	Opfern
dem	Apartment
dem	Disc-Jockey
berühmten	Disc-Jockey
der	Tanzfläche
weiten	Teilen
dem	Schwein
Cleopatra	Schwein
nächsten	Tag
Brasilianische	Tafel
den	Erdwissenschaften
geologischen	Aufbau
das	Schiff
10.	April
1768	April
den	Färöern
der	Meinung
eine	Saison
der	Opera
die	Laus
dem	Fell
der	Folge
Wife	Folge
einen	Körper
menschlichen	Körper
dem	Doktor
die	Kirche
spätgotische	Kirche
einem	Stich
14.	Juni
1725	Juni
einer	Kirche
neuen	Kirche
die	Zahlungen
seinen	Besitz
ein	Zufall
glücklicher	Zufall
selben	Sonnensystem
einem	Schiff
den	Weg
einziger	Wissenschaftler
höchsten	Punkt
einer	Lungenentzündung
dem	Zauberer
Morelli	Zauberer
einem	Fest
abendlichen	Fest
der	Bitte
ein	Stelldichein
intimes	Stelldichein
die	Magie
Scapinellis	Magie
falsche	Hände
die	Lyduschkas
der	Ruhestand
dem	Mann
den	Leiter
der	Tatsache
seiner	Phantasie
der	Lobby
einer	Aufständischen
die	Quere
freien	Fuß
dem	Abbruch
Mutual	Money
den	Internetverkehr
der	Kamera
den	Zwergklapperschlangen
mehreren	Schilden
großen	Schilden
den	Klapperschlangen
zahlreiche	Einzelschuppen
Birowski	Herr
Merkmal	ist
ranggleich	war
Staffel	ist
Flo's	ist
Managerin	ist
Wiedergabe	ist
Problem	ist
möglich	ist
Burg	sind
IP-Netzwerk	ist
verfügen	ist
Abschließend	ist
Meinung	ist
Ziel	ist
Adaxial	ist
Administrativ	wird
Konkurrenzprodukt	ist
Tochter	hatten
Möwenart	ist
Folge	war
gemein	ist
gemein	ist
ähnlich	ist
schmackhaft	ist
angemerkt	sei
eines	sei
Weiterentwicklung	ist
bekannt	ist
besorgt	ist
groß	war
informiert	ist
schockiert	ist
überzeugt	sind
Reihe	war
Hinterstoder	Trachtenmusikkapelle
manchen	Tagen
überhandnehmenden	Bettel
der	Zeitschrift
der	Konzeption
zahlreichen	Einzelgesetzen
einem	Gesetzeswerk
zusammenhängenden	Gesetzeswerk
Nicholson	Set
One-Hit-Wonder	Warning
neues	Produkt
Vanilla-Coke	Produkt
den	Mozilla
siebbaren	Materialien
230	Mitarbeitern
die	Kinoleinwand
den	UK
die	Gehörlosenseelsorge
der	England
36.	Simuliertes
einem	Argument
simulierten	Argument
passenden	3D-Konformationen
der	Wirkstoffentwicklung
die	Königin
dem	August
23.	August
1861	August
seinen	Zaubereien
der	Lebenswoche
fünften	Lebenswoche
das	Junge
die	Live-Versionen
vier	Orchester
den	Sarg
gläsernen	Sarg
den	Zwergen
dem	Gefühl
wohligen	Gefühl
der	Politik
der	Problematik
eine	Politik
30.	April
2012	April
dem	Meer
einem	Fundort
isolierten	Fundort
niedersächsischen	Silberberg
der	Nähe
eine	IP-Adresse
gültige	IP-Adresse
der	Texte
der	Familienchronik
Wingarteiba	Gau
kaiserlichen	Heeren
einem	Stiel
kurzen	Stiel
dem	Markt
Beuditz	Kloster
dem	Künstlernamen
i	Künstlernamen
seinen	Namen
bürgerlichen	Namen
Immature	Rotschnabelmöwe
flüssige	Ausgänge
harmonische	Ausgänge
Mangelsdorf	Hause
ihrer	Tochter
ihr	Leben
der	Kultur
deutschen	Kultur
ihren	Geschichten
gedankenloser	Egoist
den	Carrie
den	Schuldendienst
genannter	Balance
Sheet-Effekt	Balance
einer	Familie
musikalischen	Familie
den	Suburbs
der	Jazzszene
regionalen	Jazzszene
militärischen	Gesichtspunkten
dem	Kennzeichen
VdS	Kennzeichen
einem	Fest
beiden	Unterschenkeln
die	Bank-Position
der	Regel
den	Büchern
vielen	Meinungen
66	Zügen
seines	Alters
hoher	Bedeutung
das	Studium
historisch-vergleichende	Studium
das	Vieh
einem	nicht-surjektiven
einem	Modulraum
einem	Problem
finanziellen	Problem
dem	Erscheinungsbild
äußeren	Erscheinungsbild
der	Kippe
verallgemeinernden	Schlagwort
die	Heirat
drei	Jahren
den	Göttern
schneidenden	Waffen
der	Rollenbeziehungen
sozialen	Rollenbeziehungen
den	Einstellungen
ältestes	Bauwerk
bekanntes	Bauwerk
dem	Jahrhundert
frühen	Jahrhundert
14.	Jahrhundert
diesem	Ort
5.	Dezember
2010	Dezember
einen	Redner
die	Bude
den	Opfern
dem	Apartment
dem	Disc-Jockey
berühmten	Disc-Jockey
der	Tanzfläche
weiten	Teilen
dem	Schwein
Cleopatra	Schwein
nächsten	Tag
Brasilianische	Tafel
den	Erdwissenschaften
geologischen	Aufbau
das	Schiff
10.	April
1768	April
den	Färöern
der	Meinung
eine	Saison
der	Opera
die	Laus
dem	Fell
der	Folge
Wife	Folge
einen	Körper
menschlichen	Körper
dem	Doktor
die	Kirche
spätgotische	Kirche
einem	Stich
14.	Juni
1725	Juni
einer	Kirche
neuen	Kirche
die	Zahlungen
seinen	Besitz
ein	Zufall
glücklicher	Zufall
selben	Sonnensystem
einem	Schiff
den	Weg
einziger	Wissenschaftler
höchsten	Punkt
einer	Lungenentzündung
dem	Zauberer
Morelli	Zauberer
einem	Fest
abendlichen	Fest
der	Bitte
ein	Stelldichein
intimes	Stelldichein
die	Magie
Scapinellis	Magie
falsche	Hände
die	Lyduschkas
der	Ruhestand
dem	Mann
den	Leiter
der	Tatsache
seiner	Phantasie
der	Lobby
einer	Aufständischen
die	Quere
freien	Fuß
dem	Abbruch
Mutual	Money
den	Internetverkehr
der	Kamera
den	Zwergklapperschlangen
mehreren	Schilden
großen	Schilden
den	Klapperschlangen
zahlreiche	Einzelschuppen
Birowski	Herr
Merkmal	ist
ranggleich	war
Staffel	ist
Flo's	ist
Managerin	ist
Wiedergabe	ist
Problem	ist
möglich	ist
Burg	sind
IP-Netzwerk	ist
verfügen	ist
Abschließend	ist
Meinung	ist
Ziel	ist
Adaxial	ist
Administrativ	wird
Konkurrenzprodukt	ist
Tochter	hatten
Möwenart	ist
Folge	war
gemein	ist
gemein	ist
ähnlich	ist
schmackhaft	ist
angemerkt	sei
eines	sei
Weiterentwicklung	ist
bekannt	ist
besorgt	ist
groß	war
informiert	ist
schockiert	ist
überzeugt	sind
Reihe	war
ist	Merkmal
war	ranggleich
ist	Staffel
ist	Flo's
ist	Managerin
ist	Wiedergabe
ist	Problem
ist	möglich
sind	Burg
ist	IP-Netzwerk
ist	verfügen
ist	Abschließend
ist	Meinung
ist	Ziel
ist	Adaxial
wird	Administrativ
ist	Konkurrenzprodukt
hatten	Tochter
ist	Möwenart
war	Folge
ist	gemein
ist	gemein
ist	ähnlich
ist	schmackhaft
sei	angemerkt
sei	eines
ist	Weiterentwicklung
ist	bekannt
ist	besorgt
war	groß
ist	informiert
ist	schockiert
sind	überzeugt
war	Reihe
ist	tot
hast	Leben
ist	möglich
geblieben	treu
ist	Braut
ist	tot
ist	sinnvoll
ist	möglich
ist	Stärkere
ist	leer
ist	einer
ist	Vater
ist	angespannt
ist	Geist
ist	alt
ist	Sohn
ist	Merkmal
war	ranggleich
ist	Staffel
ist	Flo's
ist	Managerin
ist	Wiedergabe
ist	Problem
ist	möglich
sind	Burg
ist	IP-Netzwerk
ist	verfügen
ist	Abschließend
ist	Meinung
ist	Ziel
ist	Adaxial
wird	Administrativ
ist	Konkurrenzprodukt
hatten	Tochter
ist	Möwenart
war	Folge
ist	gemein
ist	gemein
ist	ähnlich
ist	schmackhaft
sei	angemerkt
sei	eines
ist	Weiterentwicklung
ist	bekannt
ist	besorgt
war	groß
ist	informiert
ist	schockiert
sind	überzeugt
war	Reihe
ist	tot
hast	Leben
ist	möglich
geblieben	treu
ist	Braut
ist	tot
ist	sinnvoll
ist	möglich
ist	Stärkere
ist	leer
ist	einer
ist	Vater
ist	angespannt
ist	Geist
ist	alt
ist	Sohn
ist	Merkmal
war	ranggleich
ist	Staffel
ist	Flo's
ist	Managerin
ist	Wiedergabe
ist	Problem
ist	möglich
sind	Burg
ist	IP-Netzwerk
ist	verfügen
ist	Abschließend
ist	Meinung
ist	Ziel
ist	Adaxial
wird	Administrativ
ist	Konkurrenzprodukt
hatten	Tochter
ist	Möwenart
war	Folge
ist	gemein
ist	gemein
ist	ähnlich
ist	schmackhaft
sei	angemerkt
sei	eines
ist	Weiterentwicklung
ist	bekannt
ist	besorgt
war	groß
ist	informiert
ist	schockiert
sind	überzeugt
war	Reihe
ist	tot
hast	Leben
ist	möglich
geblieben	treu
ist	Braut
ist	tot
ist	sinnvoll
ist	möglich
ist	Stärkere
ist	leer
ist	einer
ist	Vater
ist	angespannt
ist	Geist
ist	alt
ist	Sohn
ist	Merkmal
war	ranggleich
ist	Staffel
ist	Flo's
ist	Managerin
ist	Wiedergabe
ist	Problem
ist	möglich
sind	Burg
ist	IP-Netzwerk
ist	verfügen
ist	Abschließend
ist	Meinung
ist	Ziel
ist	Adaxial
wird	Administrativ
ist	Konkurrenzprodukt
hatten	Tochter
ist	Möwenart
war	Folge
ist	gemein
ist	gemein
ist	ähnlich
ist	schmackhaft
sei	angemerkt
sei	eines
ist	Weiterentwicklung
ist	bekannt
ist	besorgt
war	groß
ist	informiert
ist	schockiert
sind	überzeugt
war	Reihe
