Presseschau	Tage
Lieferung	umfasst
Hineintragen	umfasst
Kunde	ist
Du	sollst
ich	erkannte
Personal	sollte
Was	passiert
Erfüllungsort	ist
es	ist
Erfüllungsort	ist
Golfclub	wird
Staaten	haben
Weitergabe	Datenschutz
VOLLdabei.eu	ist
ist	ist
Bestellungen	werden
Festsetzung	ist
Mitarbeiter	konkurrieren
was	ist
ist	ist
Manuelle	ist
wir	gewähren
Teilnehmer	werden
2015	steht
Diskussion	steht
Frauen	machen
Beschwerdeführerin	hat
Oberfläche	wird
Anhörung	hat
Anspruch	setzt
stehe	ist
Mischbetrieb	ist
Angebot	ist
Anhörung	findet
Sie	setzen
Sie	wissen
Regierungswechsel	ist
Wahlrecht	ist
Wir	sind
Programm	überprüft
Wir	sind
Certificate	valid
Certificate	valid
Robizoo	ist
Certificate	valid
Certificate	valid
Robizoo	ist
es	ist
Es	hat
Kunde	hat
Lieferung	erfolgt
Tauschvorgang	wiederholt
Information	hat
verstehen	ist
Kunde	erhält
Bestellung	ist
Daten	werden
LE-CMS	ist
Haftung	ist
Amoding	sagt
Was	geschieht
Ingenieurbüro	kann
Népsabadszág	schreibt
France	präsentierte
er	bereitete
Analysten	erwarten
ABC-Arbeit	verbraucht
er	hällt
JournalistInnen	müssen
Schuhe	wird
ist	wird
es	ist
Nazis	begegnen
ist	wird
wir	wollen
Aber	ist
das	ist
das	ist
hereinkommt	ist
das	liegt
demonstrierten	ist
Hintergrund	ist
Mali	ist
die	werden
EU	hat
Sie	erscheinen
Kunst	besteht
das	ist
Facetten	stellen
Aber	ist
wünschte	ist
sie	hat
Atomkrieg	ist
Blick	zeigt
Vielfalt	braucht
Hinweis	zeigt
Zeughauskino	zeigt
hatte	ist
glauben	ist
er	würde
es	ist
es	kann
Zweifel	kann
es	scheint
es	wäre
ich	glaube
wir	laufen
Götterstatuen	sind
Bilder	sind
ich	befürchte
ich	glaube
ich	habe
ich	schätze
das	ist
der	herrschte
Einigkeit	herrschte
es	ist
Aufgabe	wird
man	nehmen
RH-Arbeit	macht
Montage	umfasst
Frau	sollst
alles	sollst
Blog	erkannte
Genossen	ist
Ihnen	gewähren
™	machen
Häkchen	setzen
Lizenzschlüssel	überprüft
Lösung	führt
sich	bewegt
Befrage	bewegt
Sinn	hat
sich	wiederholt
Charakter	hat
Bestellbestätigung	erhält
Ansatz	präsentierte
Gründung	bereitete
Umsatzwachstum	erwarten
Geld	verbraucht
ihn	hällt
uns	begegnen
Menschen	fehlen
Zukunftsperspektiven	fehlen
uns	lasst
Mehrwert	stellen
Stabilität	hat
Respekt	braucht
Gefahr	laufen
das	schätze
mir	macht
Spaß	macht
Presseschau	Tage
Lieferung	umfasst
Hineintragen	umfasst
Kunde	ist
Du	sollst
ich	erkannte
Personal	sollte
Was	passiert
Erfüllungsort	ist
es	ist
Erfüllungsort	ist
Golfclub	wird
Staaten	haben
Weitergabe	Datenschutz
VOLLdabei.eu	ist
ist	ist
Bestellungen	werden
Festsetzung	ist
Mitarbeiter	konkurrieren
was	ist
ist	ist
Manuelle	ist
wir	gewähren
Teilnehmer	werden
2015	steht
Diskussion	steht
Frauen	machen
Beschwerdeführerin	hat
Oberfläche	wird
Anhörung	hat
Anspruch	setzt
stehe	ist
Mischbetrieb	ist
Angebot	ist
Anhörung	findet
Sie	setzen
Sie	wissen
Regierungswechsel	ist
Wahlrecht	ist
Wir	sind
Programm	überprüft
Wir	sind
Certificate	valid
Certificate	valid
Robizoo	ist
Certificate	valid
Certificate	valid
Robizoo	ist
es	ist
Es	hat
Kunde	hat
Lieferung	erfolgt
Tauschvorgang	wiederholt
Information	hat
verstehen	ist
Kunde	erhält
Bestellung	ist
Daten	werden
LE-CMS	ist
Haftung	ist
Amoding	sagt
Was	geschieht
Ingenieurbüro	kann
Népsabadszág	schreibt
France	präsentierte
er	bereitete
Analysten	erwarten
ABC-Arbeit	verbraucht
er	hällt
JournalistInnen	müssen
Schuhe	wird
ist	wird
es	ist
Nazis	begegnen
ist	wird
wir	wollen
Aber	ist
das	ist
das	ist
hereinkommt	ist
das	liegt
demonstrierten	ist
Hintergrund	ist
Mali	ist
die	werden
EU	hat
Sie	erscheinen
Kunst	besteht
das	ist
Facetten	stellen
Aber	ist
wünschte	ist
sie	hat
Atomkrieg	ist
Blick	zeigt
Vielfalt	braucht
Hinweis	zeigt
Zeughauskino	zeigt
hatte	ist
glauben	ist
er	würde
es	ist
es	kann
Zweifel	kann
es	scheint
es	wäre
ich	glaube
wir	laufen
Götterstatuen	sind
Bilder	sind
ich	befürchte
ich	glaube
ich	habe
ich	schätze
das	ist
der	herrschte
Einigkeit	herrschte
es	ist
Aufgabe	wird
man	nehmen
RH-Arbeit	macht
Montage	umfasst
Frau	sollst
alles	sollst
Blog	erkannte
Genossen	ist
Ihnen	gewähren
™	machen
Häkchen	setzen
Lizenzschlüssel	überprüft
Lösung	führt
sich	bewegt
Befrage	bewegt
Sinn	hat
sich	wiederholt
Charakter	hat
Bestellbestätigung	erhält
Ansatz	präsentierte
Gründung	bereitete
Umsatzwachstum	erwarten
Geld	verbraucht
ihn	hällt
uns	begegnen
Menschen	fehlen
Zukunftsperspektiven	fehlen
uns	lasst
Mehrwert	stellen
Stabilität	hat
Respekt	braucht
Gefahr	laufen
das	schätze
mir	macht
Spaß	macht
Presseschau	Tage
Lieferung	umfasst
Hineintragen	umfasst
Kunde	ist
Du	sollst
ich	erkannte
Personal	sollte
Was	passiert
Erfüllungsort	ist
es	ist
Erfüllungsort	ist
Golfclub	wird
Staaten	haben
Weitergabe	Datenschutz
VOLLdabei.eu	ist
ist	ist
Bestellungen	werden
Festsetzung	ist
Mitarbeiter	konkurrieren
was	ist
ist	ist
Manuelle	ist
wir	gewähren
Teilnehmer	werden
2015	steht
Diskussion	steht
Frauen	machen
Beschwerdeführerin	hat
Oberfläche	wird
Anhörung	hat
Anspruch	setzt
stehe	ist
Mischbetrieb	ist
Angebot	ist
Anhörung	findet
Sie	setzen
Sie	wissen
Regierungswechsel	ist
Wahlrecht	ist
Wir	sind
Programm	überprüft
Wir	sind
Certificate	valid
Certificate	valid
Robizoo	ist
Certificate	valid
Certificate	valid
Robizoo	ist
es	ist
Es	hat
Kunde	hat
Lieferung	erfolgt
Tauschvorgang	wiederholt
Information	hat
verstehen	ist
Kunde	erhält
Bestellung	ist
Daten	werden
LE-CMS	ist
Haftung	ist
Amoding	sagt
Was	geschieht
Ingenieurbüro	kann
Népsabadszág	schreibt
France	präsentierte
er	bereitete
Analysten	erwarten
ABC-Arbeit	verbraucht
er	hällt
JournalistInnen	müssen
Schuhe	wird
ist	wird
es	ist
Nazis	begegnen
ist	wird
wir	wollen
Aber	ist
das	ist
das	ist
hereinkommt	ist
das	liegt
demonstrierten	ist
Hintergrund	ist
Mali	ist
die	werden
EU	hat
Sie	erscheinen
Kunst	besteht
das	ist
Facetten	stellen
Aber	ist
wünschte	ist
sie	hat
Atomkrieg	ist
Blick	zeigt
Vielfalt	braucht
Hinweis	zeigt
Zeughauskino	zeigt
hatte	ist
glauben	ist
er	würde
es	ist
es	kann
Zweifel	kann
es	scheint
es	wäre
ich	glaube
wir	laufen
Götterstatuen	sind
Bilder	sind
ich	befürchte
ich	glaube
ich	habe
ich	schätze
das	ist
der	herrschte
Einigkeit	herrschte
es	ist
Aufgabe	wird
man	nehmen
RH-Arbeit	macht
Montage	umfasst
Frau	sollst
alles	sollst
Blog	erkannte
Genossen	ist
Ihnen	gewähren
™	machen
Häkchen	setzen
Lizenzschlüssel	überprüft
Lösung	führt
sich	bewegt
Befrage	bewegt
Sinn	hat
sich	wiederholt
Charakter	hat
Bestellbestätigung	erhält
Ansatz	präsentierte
Gründung	bereitete
Umsatzwachstum	erwarten
Geld	verbraucht
ihn	hällt
uns	begegnen
Menschen	fehlen
Zukunftsperspektiven	fehlen
uns	lasst
Mehrwert	stellen
Stabilität	hat
Respekt	braucht
Gefahr	laufen
das	schätze
mir	macht
Spaß	macht
Presseschau	Tage
Lieferung	umfasst
Hineintragen	umfasst
Kunde	ist
Du	sollst
ich	erkannte
Personal	sollte
Was	passiert
Erfüllungsort	ist
es	ist
Erfüllungsort	ist
Golfclub	wird
Staaten	haben
Weitergabe	Datenschutz
VOLLdabei.eu	ist
ist	ist
Bestellungen	werden
Festsetzung	ist
Mitarbeiter	konkurrieren
was	ist
ist	ist
Manuelle	ist
wir	gewähren
Teilnehmer	werden
2015	steht
Diskussion	steht
Frauen	machen
Beschwerdeführerin	hat
Oberfläche	wird
Anhörung	hat
Anspruch	setzt
stehe	ist
Mischbetrieb	ist
Angebot	ist
Anhörung	findet
Sie	setzen
Sie	wissen
Regierungswechsel	ist
Wahlrecht	ist
Wir	sind
Programm	überprüft
Wir	sind
Certificate	valid
Certificate	valid
Robizoo	ist
Certificate	valid
Certificate	valid
Robizoo	ist
es	ist
Es	hat
Kunde	hat
Lieferung	erfolgt
Tauschvorgang	wiederholt
Information	hat
verstehen	ist
Kunde	erhält
Bestellung	ist
Daten	werden
LE-CMS	ist
Haftung	ist
Amoding	sagt
Was	geschieht
Ingenieurbüro	kann
Népsabadszág	schreibt
France	präsentierte
er	bereitete
Analysten	erwarten
ABC-Arbeit	verbraucht
er	hällt
JournalistInnen	müssen
Schuhe	wird
ist	wird
es	ist
Nazis	begegnen
ist	wird
wir	wollen
Aber	ist
das	ist
das	ist
hereinkommt	ist
das	liegt
demonstrierten	ist
Hintergrund	ist
Mali	ist
die	werden
EU	hat
Sie	erscheinen
Kunst	besteht
das	ist
Facetten	stellen
Aber	ist
wünschte	ist
sie	hat
Atomkrieg	ist
Blick	zeigt
Vielfalt	braucht
Hinweis	zeigt
Zeughauskino	zeigt
hatte	ist
glauben	ist
er	würde
es	ist
es	kann
Zweifel	kann
es	scheint
es	wäre
ich	glaube
wir	laufen
Götterstatuen	sind
Bilder	sind
ich	befürchte
ich	glaube
ich	habe
ich	schätze
das	ist
der	herrschte
Einigkeit	herrschte
es	ist
Aufgabe	wird
man	nehmen
RH-Arbeit	macht
Montage	umfasst
Frau	sollst
alles	sollst
Blog	erkannte
Genossen	ist
Ihnen	gewähren
™	machen
Häkchen	setzen
Lizenzschlüssel	überprüft
Lösung	führt
sich	bewegt
Befrage	bewegt
Sinn	hat
sich	wiederholt
Charakter	hat
Bestellbestätigung	erhält
Ansatz	präsentierte
Gründung	bereitete
Umsatzwachstum	erwarten
Geld	verbraucht
ihn	hällt
uns	begegnen
Menschen	fehlen
Zukunftsperspektiven	fehlen
uns	lasst
Mehrwert	stellen
Stabilität	hat
Respekt	braucht
Gefahr	laufen
das	schätze
mir	macht
Spaß	macht
unserem	Geld
eigenen	Geld
größter	Sorgfalt
dem	Erhalt
11:06	Ja
dem	Design
neuen	Design
dem	Spiel
die	Grippe
Neue	Grippe
dem	Plan
der	Society
den	Daten
der	Registrierung
angegebenen	Daten
erhältliche	Waren
der	Internet-Seite
den	Bebauungsplan
Wilhelmsburg	Bebauungsplan
ein	Betriebsklima
gutes	Betriebsklima
ein	Betriebsklima
schlechtes	Betriebsklima
c	Betriebsklima
der	Geschichte
modernen	Fußball
Ihrer	Zustimmung
dieser	EULA
die	Zukunft
der	Schweiz
grosser	Bedeutung
einem	Namen
nationalem	Recht
die	Schollen
losen	Schollen
die	Dienstleistungsrichtlinie
die	Beschwerdegegnerin
874	Nr.
/	Nr.
dem	Domainnamen
eine	Übergangszeit
das	LGG
jeden	Jahrgang
den	Ausschüssen
dem	Kommissar
designierten	Kommissar
das	Thema
jeweiligen	Versandprofil
Artikel-Portoaufschlag	Feld
dieser	Konfiguration
den	Artikelstammdaten
alles	Bescheid
der	Firma
einer	Epoche
der	Lage
ihre	Interessen
eigenen	Interessen
den	Benutzer
Ihren	Computer
die	Domänennamen
strittigen	Domänennamen
der	Gruppe
Mitte	Richtung
beschriebener	Gewalt
höherer	Gewalt
der	Lieferfrist
vereinbarten	Lieferfrist
der	Liebe
dieser	Branche
der	Liebe
dieser	Branche
den	Bestimmungen
den	Personen
nahestehenden	Personen
der	Vertrauensperson
den	Willen
ihren	Status
urheberrechtlichen	Status
die	Lieferadresse
angegebene	Lieferadresse
den	Preis
der	Webseite
angegebenen	Preis
dem	Augenblick
III	Beschluss
die	E-Mail-Adresse
angegeben	E-Mail-Adresse
einem	Kunde
den	Zweck
genannten	Zweck
einzelnen	Inhalten
spezifischen	Übersichten
ugandischen	Parlament
ein	anderen
das	Jahr
2020	Jahr
dem	Aluminiumwerk
ungarischen	Aluminiumwerk
ehemaligen	Kollegen
2004	Dezember
dem	Tag
dritten	Tag
dieser	Form
der	Föderation
Russischen	Föderation
die	Yak-3RD
die	Bilder
der	U-Bahn
der	Suche
potentiellen	Opfern
der	Heimat
einem	Zeitpunkt
die	Kirchen
einem	Monat
die	Generation
junge	Generation
eine	Zukunft
gute	Zukunft
einer	Torsion
der	Kamera
das	Flugzeug
den	Katalanen
den	Bars
der	Polizei
das	Land
einem	Parlament
die	Armen
jeden	Widerstand
jeden	Sieg
die	Verteidigung
die	Rechtskräfte
dem	Gebiet
das	Liegen
der	Menschheit
die	Wirklichkeit
gesellschaftlicher	Ungleichheit
dieser	Stelle
dem	Motto
Punk	Motto
der	TU
Hartmann	TU
höchster	Relevanz
bildungspolitischer	Relevanz
bestimmten	Entwicklungsetappen
bestimmten	Bedingungen
die	Brocialisten
meisten	Brocialisten
der	Einsicht
der	Lage
die	Gottesvorstellung
die	Politik
eigene	Politik
der	Führung
neuen	Führung
dieses	Konfliktes
einem	Engagement
gesellschaftlichen	Engagement
meiner	Mutter
dem	Soldatenfriedhof
seiner	Truppe
dieser	Erde
Ihrem	Bericht
seiner	Regierung
eigenen	Parteilager
der	Frage
wichtigsten	Frage
der	Lage
dem	Wein
ganzen	Wein
ihrer	Struktur
einfachen	Struktur
Deutschen	Bundestag
verpflichtet	ist
Was	ist
Spaß	ist
wirksam	ist
Artikel	ist
wunderschön	ist
Lösung	ist
Arbeitsschritt	wird
Fraglich	ist
möglich	ist
realistisch	ist
mehrheitsfördernd	ist
berechtigt	sind
Auqaristikfirma	ist
Auqaristikfirma	ist
Räume	ist
Gerichtsstand	ist
wichtig	ist
möglich	ist
konzipiert	ist
ausgeschlossen	ist
klar	wird
notwendig	ist
Entscheidende	ist
Frage	ist
Zeit	bleibt
Grund	ist
gesteckt	ist
Schritt	ist
Frage	ist
Garantie	ist
Wahrheit	ist
Verbrechen	ist
Faktor	ist
entscheidend	ist
albern	wäre
Fakt	ist
Gabriel	war
Kohlebegeisterung	war
gemeint	sind
maßgeblich	sind
weis	ist
erstaunlich	ist
unserem	Geld
eigenen	Geld
größter	Sorgfalt
dem	Erhalt
11:06	Ja
dem	Design
neuen	Design
dem	Spiel
die	Grippe
Neue	Grippe
dem	Plan
der	Society
den	Daten
der	Registrierung
angegebenen	Daten
erhältliche	Waren
der	Internet-Seite
den	Bebauungsplan
Wilhelmsburg	Bebauungsplan
ein	Betriebsklima
gutes	Betriebsklima
ein	Betriebsklima
schlechtes	Betriebsklima
c	Betriebsklima
der	Geschichte
modernen	Fußball
Ihrer	Zustimmung
dieser	EULA
die	Zukunft
der	Schweiz
grosser	Bedeutung
einem	Namen
nationalem	Recht
die	Schollen
losen	Schollen
die	Dienstleistungsrichtlinie
die	Beschwerdegegnerin
874	Nr.
/	Nr.
dem	Domainnamen
eine	Übergangszeit
das	LGG
jeden	Jahrgang
den	Ausschüssen
dem	Kommissar
designierten	Kommissar
das	Thema
jeweiligen	Versandprofil
Artikel-Portoaufschlag	Feld
dieser	Konfiguration
den	Artikelstammdaten
alles	Bescheid
der	Firma
einer	Epoche
der	Lage
ihre	Interessen
eigenen	Interessen
den	Benutzer
Ihren	Computer
die	Domänennamen
strittigen	Domänennamen
der	Gruppe
Mitte	Richtung
beschriebener	Gewalt
höherer	Gewalt
der	Lieferfrist
vereinbarten	Lieferfrist
der	Liebe
dieser	Branche
der	Liebe
dieser	Branche
den	Bestimmungen
den	Personen
nahestehenden	Personen
der	Vertrauensperson
den	Willen
ihren	Status
urheberrechtlichen	Status
die	Lieferadresse
angegebene	Lieferadresse
den	Preis
der	Webseite
angegebenen	Preis
dem	Augenblick
III	Beschluss
die	E-Mail-Adresse
angegeben	E-Mail-Adresse
einem	Kunde
den	Zweck
genannten	Zweck
einzelnen	Inhalten
spezifischen	Übersichten
ugandischen	Parlament
ein	anderen
das	Jahr
2020	Jahr
dem	Aluminiumwerk
ungarischen	Aluminiumwerk
ehemaligen	Kollegen
2004	Dezember
dem	Tag
dritten	Tag
dieser	Form
der	Föderation
Russischen	Föderation
die	Yak-3RD
die	Bilder
der	U-Bahn
der	Suche
potentiellen	Opfern
der	Heimat
einem	Zeitpunkt
die	Kirchen
einem	Monat
die	Generation
junge	Generation
eine	Zukunft
gute	Zukunft
einer	Torsion
der	Kamera
das	Flugzeug
den	Katalanen
den	Bars
der	Polizei
das	Land
einem	Parlament
die	Armen
jeden	Widerstand
jeden	Sieg
die	Verteidigung
die	Rechtskräfte
dem	Gebiet
das	Liegen
der	Menschheit
die	Wirklichkeit
gesellschaftlicher	Ungleichheit
dieser	Stelle
dem	Motto
Punk	Motto
der	TU
Hartmann	TU
höchster	Relevanz
bildungspolitischer	Relevanz
bestimmten	Entwicklungsetappen
bestimmten	Bedingungen
die	Brocialisten
meisten	Brocialisten
der	Einsicht
der	Lage
die	Gottesvorstellung
die	Politik
eigene	Politik
der	Führung
neuen	Führung
dieses	Konfliktes
einem	Engagement
gesellschaftlichen	Engagement
meiner	Mutter
dem	Soldatenfriedhof
seiner	Truppe
dieser	Erde
Ihrem	Bericht
seiner	Regierung
eigenen	Parteilager
der	Frage
wichtigsten	Frage
der	Lage
dem	Wein
ganzen	Wein
ihrer	Struktur
einfachen	Struktur
Deutschen	Bundestag
verpflichtet	ist
Was	ist
Spaß	ist
wirksam	ist
Artikel	ist
wunderschön	ist
Lösung	ist
Arbeitsschritt	wird
Fraglich	ist
möglich	ist
realistisch	ist
mehrheitsfördernd	ist
berechtigt	sind
Auqaristikfirma	ist
Auqaristikfirma	ist
Räume	ist
Gerichtsstand	ist
wichtig	ist
möglich	ist
konzipiert	ist
ausgeschlossen	ist
klar	wird
notwendig	ist
Entscheidende	ist
Frage	ist
Zeit	bleibt
Grund	ist
gesteckt	ist
Schritt	ist
Frage	ist
Garantie	ist
Wahrheit	ist
Verbrechen	ist
Faktor	ist
entscheidend	ist
albern	wäre
Fakt	ist
Gabriel	war
Kohlebegeisterung	war
gemeint	sind
maßgeblich	sind
weis	ist
erstaunlich	ist
unserem	Geld
eigenen	Geld
größter	Sorgfalt
dem	Erhalt
11:06	Ja
dem	Design
neuen	Design
dem	Spiel
die	Grippe
Neue	Grippe
dem	Plan
der	Society
den	Daten
der	Registrierung
angegebenen	Daten
erhältliche	Waren
der	Internet-Seite
den	Bebauungsplan
Wilhelmsburg	Bebauungsplan
ein	Betriebsklima
gutes	Betriebsklima
ein	Betriebsklima
schlechtes	Betriebsklima
c	Betriebsklima
der	Geschichte
modernen	Fußball
Ihrer	Zustimmung
dieser	EULA
die	Zukunft
der	Schweiz
grosser	Bedeutung
einem	Namen
nationalem	Recht
die	Schollen
losen	Schollen
die	Dienstleistungsrichtlinie
die	Beschwerdegegnerin
874	Nr.
/	Nr.
dem	Domainnamen
eine	Übergangszeit
das	LGG
jeden	Jahrgang
den	Ausschüssen
dem	Kommissar
designierten	Kommissar
das	Thema
jeweiligen	Versandprofil
Artikel-Portoaufschlag	Feld
dieser	Konfiguration
den	Artikelstammdaten
alles	Bescheid
der	Firma
einer	Epoche
der	Lage
ihre	Interessen
eigenen	Interessen
den	Benutzer
Ihren	Computer
die	Domänennamen
strittigen	Domänennamen
der	Gruppe
Mitte	Richtung
beschriebener	Gewalt
höherer	Gewalt
der	Lieferfrist
vereinbarten	Lieferfrist
der	Liebe
dieser	Branche
der	Liebe
dieser	Branche
den	Bestimmungen
den	Personen
nahestehenden	Personen
der	Vertrauensperson
den	Willen
ihren	Status
urheberrechtlichen	Status
die	Lieferadresse
angegebene	Lieferadresse
den	Preis
der	Webseite
angegebenen	Preis
dem	Augenblick
III	Beschluss
die	E-Mail-Adresse
angegeben	E-Mail-Adresse
einem	Kunde
den	Zweck
genannten	Zweck
einzelnen	Inhalten
spezifischen	Übersichten
ugandischen	Parlament
ein	anderen
das	Jahr
2020	Jahr
dem	Aluminiumwerk
ungarischen	Aluminiumwerk
ehemaligen	Kollegen
2004	Dezember
dem	Tag
dritten	Tag
dieser	Form
der	Föderation
Russischen	Föderation
die	Yak-3RD
die	Bilder
der	U-Bahn
der	Suche
potentiellen	Opfern
der	Heimat
einem	Zeitpunkt
die	Kirchen
einem	Monat
die	Generation
junge	Generation
eine	Zukunft
gute	Zukunft
einer	Torsion
der	Kamera
das	Flugzeug
den	Katalanen
den	Bars
der	Polizei
das	Land
einem	Parlament
die	Armen
jeden	Widerstand
jeden	Sieg
die	Verteidigung
die	Rechtskräfte
dem	Gebiet
das	Liegen
der	Menschheit
die	Wirklichkeit
gesellschaftlicher	Ungleichheit
dieser	Stelle
dem	Motto
Punk	Motto
der	TU
Hartmann	TU
höchster	Relevanz
bildungspolitischer	Relevanz
bestimmten	Entwicklungsetappen
bestimmten	Bedingungen
die	Brocialisten
meisten	Brocialisten
der	Einsicht
der	Lage
die	Gottesvorstellung
die	Politik
eigene	Politik
der	Führung
neuen	Führung
dieses	Konfliktes
einem	Engagement
gesellschaftlichen	Engagement
meiner	Mutter
dem	Soldatenfriedhof
seiner	Truppe
dieser	Erde
Ihrem	Bericht
seiner	Regierung
eigenen	Parteilager
der	Frage
wichtigsten	Frage
der	Lage
dem	Wein
ganzen	Wein
ihrer	Struktur
einfachen	Struktur
Deutschen	Bundestag
verpflichtet	ist
Was	ist
Spaß	ist
wirksam	ist
Artikel	ist
wunderschön	ist
Lösung	ist
Arbeitsschritt	wird
Fraglich	ist
möglich	ist
realistisch	ist
mehrheitsfördernd	ist
berechtigt	sind
Auqaristikfirma	ist
Auqaristikfirma	ist
Räume	ist
Gerichtsstand	ist
wichtig	ist
möglich	ist
konzipiert	ist
ausgeschlossen	ist
klar	wird
notwendig	ist
Entscheidende	ist
Frage	ist
Zeit	bleibt
Grund	ist
gesteckt	ist
Schritt	ist
Frage	ist
Garantie	ist
Wahrheit	ist
Verbrechen	ist
Faktor	ist
entscheidend	ist
albern	wäre
Fakt	ist
Gabriel	war
Kohlebegeisterung	war
gemeint	sind
maßgeblich	sind
weis	ist
erstaunlich	ist
unserem	Geld
eigenen	Geld
größter	Sorgfalt
dem	Erhalt
11:06	Ja
dem	Design
neuen	Design
dem	Spiel
die	Grippe
Neue	Grippe
dem	Plan
der	Society
den	Daten
der	Registrierung
angegebenen	Daten
erhältliche	Waren
der	Internet-Seite
den	Bebauungsplan
Wilhelmsburg	Bebauungsplan
ein	Betriebsklima
gutes	Betriebsklima
ein	Betriebsklima
schlechtes	Betriebsklima
c	Betriebsklima
der	Geschichte
modernen	Fußball
Ihrer	Zustimmung
dieser	EULA
die	Zukunft
der	Schweiz
grosser	Bedeutung
einem	Namen
nationalem	Recht
die	Schollen
losen	Schollen
die	Dienstleistungsrichtlinie
die	Beschwerdegegnerin
874	Nr.
/	Nr.
dem	Domainnamen
eine	Übergangszeit
das	LGG
jeden	Jahrgang
den	Ausschüssen
dem	Kommissar
designierten	Kommissar
das	Thema
jeweiligen	Versandprofil
Artikel-Portoaufschlag	Feld
dieser	Konfiguration
den	Artikelstammdaten
alles	Bescheid
der	Firma
einer	Epoche
der	Lage
ihre	Interessen
eigenen	Interessen
den	Benutzer
Ihren	Computer
die	Domänennamen
strittigen	Domänennamen
der	Gruppe
Mitte	Richtung
beschriebener	Gewalt
höherer	Gewalt
der	Lieferfrist
vereinbarten	Lieferfrist
der	Liebe
dieser	Branche
der	Liebe
dieser	Branche
den	Bestimmungen
den	Personen
nahestehenden	Personen
der	Vertrauensperson
den	Willen
ihren	Status
urheberrechtlichen	Status
die	Lieferadresse
angegebene	Lieferadresse
den	Preis
der	Webseite
angegebenen	Preis
dem	Augenblick
III	Beschluss
die	E-Mail-Adresse
angegeben	E-Mail-Adresse
einem	Kunde
den	Zweck
genannten	Zweck
einzelnen	Inhalten
spezifischen	Übersichten
ugandischen	Parlament
ein	anderen
das	Jahr
2020	Jahr
dem	Aluminiumwerk
ungarischen	Aluminiumwerk
ehemaligen	Kollegen
2004	Dezember
dem	Tag
dritten	Tag
dieser	Form
der	Föderation
Russischen	Föderation
die	Yak-3RD
die	Bilder
der	U-Bahn
der	Suche
potentiellen	Opfern
der	Heimat
einem	Zeitpunkt
die	Kirchen
einem	Monat
die	Generation
junge	Generation
eine	Zukunft
gute	Zukunft
einer	Torsion
der	Kamera
das	Flugzeug
den	Katalanen
den	Bars
der	Polizei
das	Land
einem	Parlament
die	Armen
jeden	Widerstand
jeden	Sieg
die	Verteidigung
die	Rechtskräfte
dem	Gebiet
das	Liegen
der	Menschheit
die	Wirklichkeit
gesellschaftlicher	Ungleichheit
dieser	Stelle
dem	Motto
Punk	Motto
der	TU
Hartmann	TU
höchster	Relevanz
bildungspolitischer	Relevanz
bestimmten	Entwicklungsetappen
bestimmten	Bedingungen
die	Brocialisten
meisten	Brocialisten
der	Einsicht
der	Lage
die	Gottesvorstellung
die	Politik
eigene	Politik
der	Führung
neuen	Führung
dieses	Konfliktes
einem	Engagement
gesellschaftlichen	Engagement
meiner	Mutter
dem	Soldatenfriedhof
seiner	Truppe
dieser	Erde
Ihrem	Bericht
seiner	Regierung
eigenen	Parteilager
der	Frage
wichtigsten	Frage
der	Lage
dem	Wein
ganzen	Wein
ihrer	Struktur
einfachen	Struktur
Deutschen	Bundestag
verpflichtet	ist
Was	ist
Spaß	ist
wirksam	ist
Artikel	ist
wunderschön	ist
Lösung	ist
Arbeitsschritt	wird
Fraglich	ist
möglich	ist
realistisch	ist
mehrheitsfördernd	ist
berechtigt	sind
Auqaristikfirma	ist
Auqaristikfirma	ist
Räume	ist
Gerichtsstand	ist
wichtig	ist
möglich	ist
konzipiert	ist
ausgeschlossen	ist
klar	wird
notwendig	ist
Entscheidende	ist
Frage	ist
Zeit	bleibt
Grund	ist
gesteckt	ist
Schritt	ist
Frage	ist
Garantie	ist
Wahrheit	ist
Verbrechen	ist
Faktor	ist
entscheidend	ist
albern	wäre
Fakt	ist
Gabriel	war
Kohlebegeisterung	war
gemeint	sind
maßgeblich	sind
weis	ist
erstaunlich	ist
ist	verpflichtet
ist	Was
ist	Spaß
ist	wirksam
ist	Artikel
ist	wunderschön
ist	Lösung
wird	Arbeitsschritt
ist	Fraglich
ist	möglich
ist	realistisch
ist	mehrheitsfördernd
sind	berechtigt
ist	Auqaristikfirma
ist	Auqaristikfirma
ist	Räume
ist	Gerichtsstand
ist	wichtig
ist	möglich
ist	konzipiert
ist	ausgeschlossen
wird	klar
ist	notwendig
ist	Entscheidende
ist	Frage
bleibt	Zeit
ist	Grund
ist	gesteckt
ist	Schritt
ist	Frage
ist	Garantie
ist	Wahrheit
ist	Verbrechen
ist	Faktor
ist	entscheidend
wäre	albern
ist	Fakt
war	Gabriel
war	Kohlebegeisterung
sind	gemeint
sind	maßgeblich
ist	weis
ist	erstaunlich
