Ich	liebe
Brauch	ist
Hitze	hemmt
Es	war
Ich	bedanke
Stil	ist
wir	sind
Es	war
Auto	auffällt
Weihnachtszeit	kommt
Egger	konnte
Lichtspiele	ergeben
Euw	ist
Fun-Park	verliehen
Big-Party	verliehen
Leute	hatten
Wer	wagt
Teamgeist	bleiben
Gast	erhöhte
Worte	vermögen
Eindrücke	vermögen
Erfolge	wechselten
Ding	sind
Es	war
wir	können
ich	darf
Tag	folgte
Diese	sind
Gleise	gehören
Bergbahn	gehören
Bahn	führt
Skitouren	werden
Unterstrass	bietet
Sie	Nutzen
Georges	empfangen
ich	musste
Ich	möcht
zue	sage
wir	haben
meisten	haben
Garten	ist
Es	war
Einfacher	kann
Wir	bieten
Ich	liebe
Teilnehmer	genossen
sie	hat
Einzelstunde	kostet
Ihr	Sagt
Sie	verbringen
Fenster	gibt
Mail	Schicke
Ich	will
Kongress	war
Ich	hatte
Terrasse	wurde
wir	versammelten
Grundstück	bietet
Weitsicht	bietet
Es	wäre
du	kannst
Wir	wünschen
man	Vom
Personen	finden
wir	hatten
Pralinenmachen	ist
Wir	wünschen
Kuss	blieb
Zunfthaus	liegt
dies	ist
ich	konnte
du	findest
Auftritt	blieb
Stadt	ist
wir	richten
Navarrete	ist
Zug	ist
Geschichte	ist
Fahrt	führt
Reise	führt
er	kam
Ich	protestiere
Geschichte	ist
Sie	Lassen
Wir	haben
Kinder	vergnügen
Wir	wollten
KOVIVE-Mitarbeiterin	hat
wir	unternehmen
Es	ist
wir	genossen
Ich	freue
es	war
man	hat
Ich	wünsch
grosse	stehen
wir	können
Sie	fahren
es	bleibt
Witschger	verwandelt
Ich	darf
Band	zieht
Wer	kennt
er	hat
Lohn	hat
Hüsser	setzte
wir	trafen
Frau	möchte
Wir	haben
Er	bezeichnet
Chicorée	bleibt
es	liebe
Aktivitäten	hemmt
mich	bedanke
sich	ergeben
Superatmosphäre	verliehen
es	wagt
Meer	ging
Einkaufsmöglichkeiten	bietet
Möglichkeit	Nutzen
Touristen	empfangen
arbeiten	empfangen
mir	musste
MUNOT-Bummel	sage
Bild	haben
Fahrzeuge	fesselten
Eindruck	verfestigte
Halbzeit	verfestigte
Holzboden	bieten
Seiten	liebe
Wetter	genossen
£	kostet
Gruss	Sagt
Tage	verbringen
ihn	Mara
Blick	gibt
Handaufzugkaliber	gibt
Glück	hatte
uns	versammelten
euch	wünschen
Ferien	wünschen
Blick	Vom
Zuhause	finden
Euch	wünschen
allen	wünschen
Weihnachten	wünschen
Informationen	findest
ihr	blieb
Dankeschön	richten
trum	führt
uns	führt
sich	vergnügen
Dankeschön	gibt
Tour	gibt
Klein	wollten
Hauptversammlung	Aussicht
Kochkünste	genossen
mich	freue
Panoramablick	hat
en	wünsch
Dampfradschiff	verwandelt
Register	zieht
sie	kennt
ihn	hat
sich	setzte
Chai-Shop	haben
Besuchern	schöne
Sommerferien	schöne
ihn	bezeichnet
Balsamico-Jus	angiessen
Ich	liebe
Brauch	ist
Hitze	hemmt
Es	war
Ich	bedanke
Stil	ist
wir	sind
Es	war
Auto	auffällt
Weihnachtszeit	kommt
Egger	konnte
Lichtspiele	ergeben
Euw	ist
Fun-Park	verliehen
Big-Party	verliehen
Leute	hatten
Wer	wagt
Teamgeist	bleiben
Gast	erhöhte
Worte	vermögen
Eindrücke	vermögen
Erfolge	wechselten
Ding	sind
Es	war
wir	können
ich	darf
Tag	folgte
Diese	sind
Gleise	gehören
Bergbahn	gehören
Bahn	führt
Skitouren	werden
Unterstrass	bietet
Sie	Nutzen
Georges	empfangen
ich	musste
Ich	möcht
zue	sage
wir	haben
meisten	haben
Garten	ist
Es	war
Einfacher	kann
Wir	bieten
Ich	liebe
Teilnehmer	genossen
sie	hat
Einzelstunde	kostet
Ihr	Sagt
Sie	verbringen
Fenster	gibt
Mail	Schicke
Ich	will
Kongress	war
Ich	hatte
Terrasse	wurde
wir	versammelten
Grundstück	bietet
Weitsicht	bietet
Es	wäre
du	kannst
Wir	wünschen
man	Vom
Personen	finden
wir	hatten
Pralinenmachen	ist
Wir	wünschen
Kuss	blieb
Zunfthaus	liegt
dies	ist
ich	konnte
du	findest
Auftritt	blieb
Stadt	ist
wir	richten
Navarrete	ist
Zug	ist
Geschichte	ist
Fahrt	führt
Reise	führt
er	kam
Ich	protestiere
Geschichte	ist
Sie	Lassen
Wir	haben
Kinder	vergnügen
Wir	wollten
KOVIVE-Mitarbeiterin	hat
wir	unternehmen
Es	ist
wir	genossen
Ich	freue
es	war
man	hat
Ich	wünsch
grosse	stehen
wir	können
Sie	fahren
es	bleibt
Witschger	verwandelt
Ich	darf
Band	zieht
Wer	kennt
er	hat
Lohn	hat
Hüsser	setzte
wir	trafen
Frau	möchte
Wir	haben
Er	bezeichnet
Chicorée	bleibt
es	liebe
Aktivitäten	hemmt
mich	bedanke
sich	ergeben
Superatmosphäre	verliehen
es	wagt
Meer	ging
Einkaufsmöglichkeiten	bietet
Möglichkeit	Nutzen
Touristen	empfangen
arbeiten	empfangen
mir	musste
MUNOT-Bummel	sage
Bild	haben
Fahrzeuge	fesselten
Eindruck	verfestigte
Halbzeit	verfestigte
Holzboden	bieten
Seiten	liebe
Wetter	genossen
£	kostet
Gruss	Sagt
Tage	verbringen
ihn	Mara
Blick	gibt
Handaufzugkaliber	gibt
Glück	hatte
uns	versammelten
euch	wünschen
Ferien	wünschen
Blick	Vom
Zuhause	finden
Euch	wünschen
allen	wünschen
Weihnachten	wünschen
Informationen	findest
ihr	blieb
Dankeschön	richten
trum	führt
uns	führt
sich	vergnügen
Dankeschön	gibt
Tour	gibt
Klein	wollten
Hauptversammlung	Aussicht
Kochkünste	genossen
mich	freue
Panoramablick	hat
en	wünsch
Dampfradschiff	verwandelt
Register	zieht
sie	kennt
ihn	hat
sich	setzte
Chai-Shop	haben
Besuchern	schöne
Sommerferien	schöne
ihn	bezeichnet
Balsamico-Jus	angiessen
Ich	liebe
Brauch	ist
Hitze	hemmt
Es	war
Ich	bedanke
Stil	ist
wir	sind
Es	war
Auto	auffällt
Weihnachtszeit	kommt
Egger	konnte
Lichtspiele	ergeben
Euw	ist
Fun-Park	verliehen
Big-Party	verliehen
Leute	hatten
Wer	wagt
Teamgeist	bleiben
Gast	erhöhte
Worte	vermögen
Eindrücke	vermögen
Erfolge	wechselten
Ding	sind
Es	war
wir	können
ich	darf
Tag	folgte
Diese	sind
Gleise	gehören
Bergbahn	gehören
Bahn	führt
Skitouren	werden
Unterstrass	bietet
Sie	Nutzen
Georges	empfangen
ich	musste
Ich	möcht
zue	sage
wir	haben
meisten	haben
Garten	ist
Es	war
Einfacher	kann
Wir	bieten
Ich	liebe
Teilnehmer	genossen
sie	hat
Einzelstunde	kostet
Ihr	Sagt
Sie	verbringen
Fenster	gibt
Mail	Schicke
Ich	will
Kongress	war
Ich	hatte
Terrasse	wurde
wir	versammelten
Grundstück	bietet
Weitsicht	bietet
Es	wäre
du	kannst
Wir	wünschen
man	Vom
Personen	finden
wir	hatten
Pralinenmachen	ist
Wir	wünschen
Kuss	blieb
Zunfthaus	liegt
dies	ist
ich	konnte
du	findest
Auftritt	blieb
Stadt	ist
wir	richten
Navarrete	ist
Zug	ist
Geschichte	ist
Fahrt	führt
Reise	führt
er	kam
Ich	protestiere
Geschichte	ist
Sie	Lassen
Wir	haben
Kinder	vergnügen
Wir	wollten
KOVIVE-Mitarbeiterin	hat
wir	unternehmen
Es	ist
wir	genossen
Ich	freue
es	war
man	hat
Ich	wünsch
grosse	stehen
wir	können
Sie	fahren
es	bleibt
Witschger	verwandelt
Ich	darf
Band	zieht
Wer	kennt
er	hat
Lohn	hat
Hüsser	setzte
wir	trafen
Frau	möchte
Wir	haben
Er	bezeichnet
Chicorée	bleibt
es	liebe
Aktivitäten	hemmt
mich	bedanke
sich	ergeben
Superatmosphäre	verliehen
es	wagt
Meer	ging
Einkaufsmöglichkeiten	bietet
Möglichkeit	Nutzen
Touristen	empfangen
arbeiten	empfangen
mir	musste
MUNOT-Bummel	sage
Bild	haben
Fahrzeuge	fesselten
Eindruck	verfestigte
Halbzeit	verfestigte
Holzboden	bieten
Seiten	liebe
Wetter	genossen
£	kostet
Gruss	Sagt
Tage	verbringen
ihn	Mara
Blick	gibt
Handaufzugkaliber	gibt
Glück	hatte
uns	versammelten
euch	wünschen
Ferien	wünschen
Blick	Vom
Zuhause	finden
Euch	wünschen
allen	wünschen
Weihnachten	wünschen
Informationen	findest
ihr	blieb
Dankeschön	richten
trum	führt
uns	führt
sich	vergnügen
Dankeschön	gibt
Tour	gibt
Klein	wollten
Hauptversammlung	Aussicht
Kochkünste	genossen
mich	freue
Panoramablick	hat
en	wünsch
Dampfradschiff	verwandelt
Register	zieht
sie	kennt
ihn	hat
sich	setzte
Chai-Shop	haben
Besuchern	schöne
Sommerferien	schöne
ihn	bezeichnet
Balsamico-Jus	angiessen
Ich	liebe
Brauch	ist
Hitze	hemmt
Es	war
Ich	bedanke
Stil	ist
wir	sind
Es	war
Auto	auffällt
Weihnachtszeit	kommt
Egger	konnte
Lichtspiele	ergeben
Euw	ist
Fun-Park	verliehen
Big-Party	verliehen
Leute	hatten
Wer	wagt
Teamgeist	bleiben
Gast	erhöhte
Worte	vermögen
Eindrücke	vermögen
Erfolge	wechselten
Ding	sind
Es	war
wir	können
ich	darf
Tag	folgte
Diese	sind
Gleise	gehören
Bergbahn	gehören
Bahn	führt
Skitouren	werden
Unterstrass	bietet
Sie	Nutzen
Georges	empfangen
ich	musste
Ich	möcht
zue	sage
wir	haben
meisten	haben
Garten	ist
Es	war
Einfacher	kann
Wir	bieten
Ich	liebe
Teilnehmer	genossen
sie	hat
Einzelstunde	kostet
Ihr	Sagt
Sie	verbringen
Fenster	gibt
Mail	Schicke
Ich	will
Kongress	war
Ich	hatte
Terrasse	wurde
wir	versammelten
Grundstück	bietet
Weitsicht	bietet
Es	wäre
du	kannst
Wir	wünschen
man	Vom
Personen	finden
wir	hatten
Pralinenmachen	ist
Wir	wünschen
Kuss	blieb
Zunfthaus	liegt
dies	ist
ich	konnte
du	findest
Auftritt	blieb
Stadt	ist
wir	richten
Navarrete	ist
Zug	ist
Geschichte	ist
Fahrt	führt
Reise	führt
er	kam
Ich	protestiere
Geschichte	ist
Sie	Lassen
Wir	haben
Kinder	vergnügen
Wir	wollten
KOVIVE-Mitarbeiterin	hat
wir	unternehmen
Es	ist
wir	genossen
Ich	freue
es	war
man	hat
Ich	wünsch
grosse	stehen
wir	können
Sie	fahren
es	bleibt
Witschger	verwandelt
Ich	darf
Band	zieht
Wer	kennt
er	hat
Lohn	hat
Hüsser	setzte
wir	trafen
Frau	möchte
Wir	haben
Er	bezeichnet
Chicorée	bleibt
es	liebe
Aktivitäten	hemmt
mich	bedanke
sich	ergeben
Superatmosphäre	verliehen
es	wagt
Meer	ging
Einkaufsmöglichkeiten	bietet
Möglichkeit	Nutzen
Touristen	empfangen
arbeiten	empfangen
mir	musste
MUNOT-Bummel	sage
Bild	haben
Fahrzeuge	fesselten
Eindruck	verfestigte
Halbzeit	verfestigte
Holzboden	bieten
Seiten	liebe
Wetter	genossen
£	kostet
Gruss	Sagt
Tage	verbringen
ihn	Mara
Blick	gibt
Handaufzugkaliber	gibt
Glück	hatte
uns	versammelten
euch	wünschen
Ferien	wünschen
Blick	Vom
Zuhause	finden
Euch	wünschen
allen	wünschen
Weihnachten	wünschen
Informationen	findest
ihr	blieb
Dankeschön	richten
trum	führt
uns	führt
sich	vergnügen
Dankeschön	gibt
Tour	gibt
Klein	wollten
Hauptversammlung	Aussicht
Kochkünste	genossen
mich	freue
Panoramablick	hat
en	wünsch
Dampfradschiff	verwandelt
Register	zieht
sie	kennt
ihn	hat
sich	setzte
Chai-Shop	haben
Besuchern	schöne
Sommerferien	schöne
ihn	bezeichnet
Balsamico-Jus	angiessen
dem	Lande
den	Greifensee
schönen	Greifensee
dem	Laufe
einer	Postkarte
dem	Seenland
schönen	Seenland
die	Fotos
schönen	Fotos
alle	Fälle
einem	Privatgrundstück
schönen	Privatgrundstück
der	Gemeinde
kleinen	Gemeinde
den	Klippen
malerischen	Klippen
20	Metern
gestalterisches	Element
einem	Garten
schönen	Garten
der	Haupstrasse
den	Tag
schönen	Tag
verschiedenen	Gremien
einem	Konter
vorgetragenen	Konter
der	74.Min
der	Bergwelt
schönen	Bergwelt
diesen	Abend
gelungenen	Abend
den	Jahren
folgenden	Jahren
dem	Laufen
der	Küchlein-Produktion
dem	Dankeschön
grossen	Dankeschön
die	Mannschaft
der	Zeiten
schweren	Zeiten
den	Extremitäten
Savona	Richtung
vielen	Radfahrern
anderen	Radfahrern
ein	paar
den	Aussichtsberg
schönen	Aussichtsberg
dem	Genfersee
citynahes	Stadtgebiet
unserem	Wohnquartier
schönen	Wohnquartier
meinen	Augen
einer	Gegend
schönen	Gegend
der	Gegend
kurze	Aufenthalt
meiner	Schwester
alle	diejenigen
schönem	Wetter
kleinstem	Raum
die	Namen
verschiedensten	Namen
die	SBB
nächsten	Tag
einen	Party
wunderschönen	Party
Raum	Party
einen	schönen
einem	Start
zähen	Start
3-schichtverleimtem	Holz
einer	Dicke
25	mm
27	mm
geringer	Schrumpfung
dem	Gurten
schönen	Wanderungen
einer	List
zweiten	List
das	schön
Genfer	Streifen
das	Dorf
Benken	Dorf
5	Kolleginnen
freundliche	Kolleginnen
Deinen	Augen
wunderschönen	Augen
einem	Ort
wunderschönen	Ort
freier	Sicht
die	Berge
der	BELINDA
wunderschönen	BELINDA
2001	Jahr
dem	Teich
dem	Pendelzug
roten	Pendelzug
weissem	Untergrund
18.00	Uhr
der	Hotelbar
mehr	Leuten
den	USA
den	Grat
gesamten	Grat
dunklem	Hintergrund
der	Anlage
schönen	Anlage
dem	Neuenburgersee
gigantischen	Vogelpark
Walsrode	Vogelpark
der	A7
einem	Park
angelegten	Park
4500	Vögel
allen	Kontinenten
meiner	Pensionierung
die	Rezepte
vielen	Rezepte
Euerem	Zuhause
hässlichen	Fröschen
einer	Lage
wunderschönen	Lage
der	Auswahl
riesigen	Auswahl
schönen	Darbietungen
der	Terasse
mögliche	Wege
deinem	Berufsziel
kreativen	Berufsziel
besonderer	Erinnerung
der	Street-Parade
ersten	Street-Parade
dem	See
solche	Veranstaltungen
die	Zuschauer
zahlreichen	Zuschauer
letzten	Minuten
makabere	Weise
ihrem	Haus
schönen	Haus
einem	Schloss
alten	Schloss
schöner	Lage
dem	Bodensee
die	Alpen
wunderschönen	Alpen
italienischen	Alpen
ansteigende	Bergstrassen
seinem	Satz
schöner	Regelmässigkeit
ein	Musical
unserem	Parkplatz
eine	Reise
schöne	Reise
einer	Terrasse
grünen	Terrasse
die	Welt
wundersame	Welt
4	Jahren
23.	August
2003	August
16:30	Uhr
einem	Naturgebiet
schönen	Naturgebiet
dem	Spielplatz
hauseigenen	Spielplatz
die	Berge
diesen	Anlass
einem	Schreiben
dieser	Stunde
schönen	Stunde
14.	März
gemütlichen	Rest
dem	Winzenberg
schönen	Winzenberg
das	Jahr
kommende	Jahr
Ihren	Kindern
Ihre	Kinder
wohlgeratenen	Kinder
diese	Klasse
dem	Schlusspfiff
alle	Seiten
die	Vereinsleitung
Winterthur	Pfadi
das	Entgegenkommen
allen	Belangen
sportliche	Entgegenkommen
eine	Spielverschiebung
12	Personen
grosser	HS
schönen	Kristallen
interessanten	Preisen
dem	Fahrrad
das	Tal
schöne	Tal
dem	Lied
wunderschönen	Lied
die	Beerdigung
diesen	Zeugen
ein	Restaurant
wunderschönes	Restaurant
die	Wirklichkeit
59	Punkten
den	Platz
1.	Platz
927	Punkten
einem	Boxenstopp
der	Raststätte
der	Rennstrecke
der	Eifel
schönen	Eifel
schönstem	Wetter
einigen	Tropfen
den	Teller
schön	war
Grüsse	war
Wein-Karaffe	sein
teuer	sein
Wetter	war
schön	war
Erfolg	Jahre
aufgezogen	sind
schön	Wäre
Beispiel	ist
Sommermorgen	war
sicher	wäre
>	wäre
Hobby	ist
Auswahl	Buchtip
unmöglich	ist
schön	ist
allerliebst	ist
Zollikofen	kam
verpackt	ist
schön	Wäre
Bestimmt	war
Unihockeypartie	war
mucksmäuschenstill	bleibt
weiss	bleibt
dem	Lande
den	Greifensee
schönen	Greifensee
dem	Laufe
einer	Postkarte
dem	Seenland
schönen	Seenland
die	Fotos
schönen	Fotos
alle	Fälle
einem	Privatgrundstück
schönen	Privatgrundstück
der	Gemeinde
kleinen	Gemeinde
den	Klippen
malerischen	Klippen
20	Metern
gestalterisches	Element
einem	Garten
schönen	Garten
der	Haupstrasse
den	Tag
schönen	Tag
verschiedenen	Gremien
einem	Konter
vorgetragenen	Konter
der	74.Min
der	Bergwelt
schönen	Bergwelt
diesen	Abend
gelungenen	Abend
den	Jahren
folgenden	Jahren
dem	Laufen
der	Küchlein-Produktion
dem	Dankeschön
grossen	Dankeschön
die	Mannschaft
der	Zeiten
schweren	Zeiten
den	Extremitäten
Savona	Richtung
vielen	Radfahrern
anderen	Radfahrern
ein	paar
den	Aussichtsberg
schönen	Aussichtsberg
dem	Genfersee
citynahes	Stadtgebiet
unserem	Wohnquartier
schönen	Wohnquartier
meinen	Augen
einer	Gegend
schönen	Gegend
der	Gegend
kurze	Aufenthalt
meiner	Schwester
alle	diejenigen
schönem	Wetter
kleinstem	Raum
die	Namen
verschiedensten	Namen
die	SBB
nächsten	Tag
einen	Party
wunderschönen	Party
Raum	Party
einen	schönen
einem	Start
zähen	Start
3-schichtverleimtem	Holz
einer	Dicke
25	mm
27	mm
geringer	Schrumpfung
dem	Gurten
schönen	Wanderungen
einer	List
zweiten	List
das	schön
Genfer	Streifen
das	Dorf
Benken	Dorf
5	Kolleginnen
freundliche	Kolleginnen
Deinen	Augen
wunderschönen	Augen
einem	Ort
wunderschönen	Ort
freier	Sicht
die	Berge
der	BELINDA
wunderschönen	BELINDA
2001	Jahr
dem	Teich
dem	Pendelzug
roten	Pendelzug
weissem	Untergrund
18.00	Uhr
der	Hotelbar
mehr	Leuten
den	USA
den	Grat
gesamten	Grat
dunklem	Hintergrund
der	Anlage
schönen	Anlage
dem	Neuenburgersee
gigantischen	Vogelpark
Walsrode	Vogelpark
der	A7
einem	Park
angelegten	Park
4500	Vögel
allen	Kontinenten
meiner	Pensionierung
die	Rezepte
vielen	Rezepte
Euerem	Zuhause
hässlichen	Fröschen
einer	Lage
wunderschönen	Lage
der	Auswahl
riesigen	Auswahl
schönen	Darbietungen
der	Terasse
mögliche	Wege
deinem	Berufsziel
kreativen	Berufsziel
besonderer	Erinnerung
der	Street-Parade
ersten	Street-Parade
dem	See
solche	Veranstaltungen
die	Zuschauer
zahlreichen	Zuschauer
letzten	Minuten
makabere	Weise
ihrem	Haus
schönen	Haus
einem	Schloss
alten	Schloss
schöner	Lage
dem	Bodensee
die	Alpen
wunderschönen	Alpen
italienischen	Alpen
ansteigende	Bergstrassen
seinem	Satz
schöner	Regelmässigkeit
ein	Musical
unserem	Parkplatz
eine	Reise
schöne	Reise
einer	Terrasse
grünen	Terrasse
die	Welt
wundersame	Welt
4	Jahren
23.	August
2003	August
16:30	Uhr
einem	Naturgebiet
schönen	Naturgebiet
dem	Spielplatz
hauseigenen	Spielplatz
die	Berge
diesen	Anlass
einem	Schreiben
dieser	Stunde
schönen	Stunde
14.	März
gemütlichen	Rest
dem	Winzenberg
schönen	Winzenberg
das	Jahr
kommende	Jahr
Ihren	Kindern
Ihre	Kinder
wohlgeratenen	Kinder
diese	Klasse
dem	Schlusspfiff
alle	Seiten
die	Vereinsleitung
Winterthur	Pfadi
das	Entgegenkommen
allen	Belangen
sportliche	Entgegenkommen
eine	Spielverschiebung
12	Personen
grosser	HS
schönen	Kristallen
interessanten	Preisen
dem	Fahrrad
das	Tal
schöne	Tal
dem	Lied
wunderschönen	Lied
die	Beerdigung
diesen	Zeugen
ein	Restaurant
wunderschönes	Restaurant
die	Wirklichkeit
59	Punkten
den	Platz
1.	Platz
927	Punkten
einem	Boxenstopp
der	Raststätte
der	Rennstrecke
der	Eifel
schönen	Eifel
schönstem	Wetter
einigen	Tropfen
den	Teller
schön	war
Grüsse	war
Wein-Karaffe	sein
teuer	sein
Wetter	war
schön	war
Erfolg	Jahre
aufgezogen	sind
schön	Wäre
Beispiel	ist
Sommermorgen	war
sicher	wäre
>	wäre
Hobby	ist
Auswahl	Buchtip
unmöglich	ist
schön	ist
allerliebst	ist
Zollikofen	kam
verpackt	ist
schön	Wäre
Bestimmt	war
Unihockeypartie	war
mucksmäuschenstill	bleibt
weiss	bleibt
dem	Lande
den	Greifensee
schönen	Greifensee
dem	Laufe
einer	Postkarte
dem	Seenland
schönen	Seenland
die	Fotos
schönen	Fotos
alle	Fälle
einem	Privatgrundstück
schönen	Privatgrundstück
der	Gemeinde
kleinen	Gemeinde
den	Klippen
malerischen	Klippen
20	Metern
gestalterisches	Element
einem	Garten
schönen	Garten
der	Haupstrasse
den	Tag
schönen	Tag
verschiedenen	Gremien
einem	Konter
vorgetragenen	Konter
der	74.Min
der	Bergwelt
schönen	Bergwelt
diesen	Abend
gelungenen	Abend
den	Jahren
folgenden	Jahren
dem	Laufen
der	Küchlein-Produktion
dem	Dankeschön
grossen	Dankeschön
die	Mannschaft
der	Zeiten
schweren	Zeiten
den	Extremitäten
Savona	Richtung
vielen	Radfahrern
anderen	Radfahrern
ein	paar
den	Aussichtsberg
schönen	Aussichtsberg
dem	Genfersee
citynahes	Stadtgebiet
unserem	Wohnquartier
schönen	Wohnquartier
meinen	Augen
einer	Gegend
schönen	Gegend
der	Gegend
kurze	Aufenthalt
meiner	Schwester
alle	diejenigen
schönem	Wetter
kleinstem	Raum
die	Namen
verschiedensten	Namen
die	SBB
nächsten	Tag
einen	Party
wunderschönen	Party
Raum	Party
einen	schönen
einem	Start
zähen	Start
3-schichtverleimtem	Holz
einer	Dicke
25	mm
27	mm
geringer	Schrumpfung
dem	Gurten
schönen	Wanderungen
einer	List
zweiten	List
das	schön
Genfer	Streifen
das	Dorf
Benken	Dorf
5	Kolleginnen
freundliche	Kolleginnen
Deinen	Augen
wunderschönen	Augen
einem	Ort
wunderschönen	Ort
freier	Sicht
die	Berge
der	BELINDA
wunderschönen	BELINDA
2001	Jahr
dem	Teich
dem	Pendelzug
roten	Pendelzug
weissem	Untergrund
18.00	Uhr
der	Hotelbar
mehr	Leuten
den	USA
den	Grat
gesamten	Grat
dunklem	Hintergrund
der	Anlage
schönen	Anlage
dem	Neuenburgersee
gigantischen	Vogelpark
Walsrode	Vogelpark
der	A7
einem	Park
angelegten	Park
4500	Vögel
allen	Kontinenten
meiner	Pensionierung
die	Rezepte
vielen	Rezepte
Euerem	Zuhause
hässlichen	Fröschen
einer	Lage
wunderschönen	Lage
der	Auswahl
riesigen	Auswahl
schönen	Darbietungen
der	Terasse
mögliche	Wege
deinem	Berufsziel
kreativen	Berufsziel
besonderer	Erinnerung
der	Street-Parade
ersten	Street-Parade
dem	See
solche	Veranstaltungen
die	Zuschauer
zahlreichen	Zuschauer
letzten	Minuten
makabere	Weise
ihrem	Haus
schönen	Haus
einem	Schloss
alten	Schloss
schöner	Lage
dem	Bodensee
die	Alpen
wunderschönen	Alpen
italienischen	Alpen
ansteigende	Bergstrassen
seinem	Satz
schöner	Regelmässigkeit
ein	Musical
unserem	Parkplatz
eine	Reise
schöne	Reise
einer	Terrasse
grünen	Terrasse
die	Welt
wundersame	Welt
4	Jahren
23.	August
2003	August
16:30	Uhr
einem	Naturgebiet
schönen	Naturgebiet
dem	Spielplatz
hauseigenen	Spielplatz
die	Berge
diesen	Anlass
einem	Schreiben
dieser	Stunde
schönen	Stunde
14.	März
gemütlichen	Rest
dem	Winzenberg
schönen	Winzenberg
das	Jahr
kommende	Jahr
Ihren	Kindern
Ihre	Kinder
wohlgeratenen	Kinder
diese	Klasse
dem	Schlusspfiff
alle	Seiten
die	Vereinsleitung
Winterthur	Pfadi
das	Entgegenkommen
allen	Belangen
sportliche	Entgegenkommen
eine	Spielverschiebung
12	Personen
grosser	HS
schönen	Kristallen
interessanten	Preisen
dem	Fahrrad
das	Tal
schöne	Tal
dem	Lied
wunderschönen	Lied
die	Beerdigung
diesen	Zeugen
ein	Restaurant
wunderschönes	Restaurant
die	Wirklichkeit
59	Punkten
den	Platz
1.	Platz
927	Punkten
einem	Boxenstopp
der	Raststätte
der	Rennstrecke
der	Eifel
schönen	Eifel
schönstem	Wetter
einigen	Tropfen
den	Teller
