Ich	empfehle
einen	halten
Es	wäre
François-Noël	gilt
Werke	sind
Poussin	zeigt
Moses	zeigt
Ich	liebe
Frauengestalt	fragte
Wer	will
Hausaufgaben	sind
Grönholm	erklärte
Man	kann
Sprecher	können
Er	könnte
Seiten	haben
Male	kam
Film	kam
man	soll
Er	möchte
Fernsehserie	präsentiert
einer	fährt
Fußball	ist
Renneisen	meint
er	gehorcht
Start	passte
Christina	könnten
wir	könnten
Bahn	weiß
Anlage	lädt
Geschichten	klingen
Szene	wurden
Instrumente	sind
Ertragsprognosen	schönen
Herrschaften	kommen
Wer	hat
Das	ist
Hunsinger	offeriert
Kreise	kommen
Bläser	markierte
Fans	verfielen
Unseld	war
Scheusal	ist
Sie	haben
Es	wäre
Wir	leben
Soames	wären
Spruch	fällt
sitzt	sollte
Dienstag	wird
Hoffnung	war
Sechszehner	war
Wir	wollen
Moser	sagt
Er	durfte
Ich	gehe
Man	hat
Abend	kann
Geöffnet	ist
Schriftsteller	veröffentlichte
Es	ist
Festtagsreden	geraten
Trainer	sagt
Pacult	sagt
Lesen	ist
er	sagt
Düsseldorf	hatte
Sie	hatte
Sie	sind
Schlagwort	blieb
es	ist
Regen	peitschte
Melodien	werden
Nummer	besiegte
Er	singt
Ereignis	habe
Generation	habe
Bohlen	sagt
ich	habe
Das	war
Galerie	präsentiert
Striche	finden
Bündnis	wird
Börsen	präsentieren
Frömmigkeit	ist
es	Wäre
Ehre	ist
es	ist
Patrice	verlässt
Ittermann	sagt
Hubbert	sagt
Slovo	wollte
Knödel	sind
Tag	war
Ort	sagen
Gemurmel	geht
Damen	dürfen
Feldbusch	spielen
es	war
Wir	könnten
Manager	freut
Stadion	kann
ich	kann
Stoiber	versuchte
Materialien	fallen
Es	hätte
Das	ist
Rot-Weiß	hatte
Waya	wünscht
Land	ist
Schorsch	erinnert
Brötcher	hat's
es	ist
Amtsinhaberin	versprach
Es	wäre
Interessenten	empfehle
Versionen	gibt
ihn	halten
Panter	liebe
Frauen	präsentiert
Gesicht	präsentiert
Einflüsterungen	gehorcht
Modelle	schönen
Auswahl	offeriert
Erscheinungen	gibt
das	markierte
mir	fällt
es	brachte
Gefühl	hat
Tipp	gibt's
Zschokke	veröffentlichte
Roman	veröffentlichte
Möglichkeiten	gibt
ihr	sagt
Augen	hatte
Sevilla	peitschte
Russin	besiegte
Texte	singt
Ausstellung	präsentiert
sich	finden
sich	präsentieren
sich	verlässt
Schotten	sagen
Finger	spielen
sich	freut
sich	erinnert
Ich	empfehle
einen	halten
Es	wäre
François-Noël	gilt
Werke	sind
Poussin	zeigt
Moses	zeigt
Ich	liebe
Frauengestalt	fragte
Wer	will
Hausaufgaben	sind
Grönholm	erklärte
Man	kann
Sprecher	können
Er	könnte
Seiten	haben
Male	kam
Film	kam
man	soll
Er	möchte
Fernsehserie	präsentiert
einer	fährt
Fußball	ist
Renneisen	meint
er	gehorcht
Start	passte
Christina	könnten
wir	könnten
Bahn	weiß
Anlage	lädt
Geschichten	klingen
Szene	wurden
Instrumente	sind
Ertragsprognosen	schönen
Herrschaften	kommen
Wer	hat
Das	ist
Hunsinger	offeriert
Kreise	kommen
Bläser	markierte
Fans	verfielen
Unseld	war
Scheusal	ist
Sie	haben
Es	wäre
Wir	leben
Soames	wären
Spruch	fällt
sitzt	sollte
Dienstag	wird
Hoffnung	war
Sechszehner	war
Wir	wollen
Moser	sagt
Er	durfte
Ich	gehe
Man	hat
Abend	kann
Geöffnet	ist
Schriftsteller	veröffentlichte
Es	ist
Festtagsreden	geraten
Trainer	sagt
Pacult	sagt
Lesen	ist
er	sagt
Düsseldorf	hatte
Sie	hatte
Sie	sind
Schlagwort	blieb
es	ist
Regen	peitschte
Melodien	werden
Nummer	besiegte
Er	singt
Ereignis	habe
Generation	habe
Bohlen	sagt
ich	habe
Das	war
Galerie	präsentiert
Striche	finden
Bündnis	wird
Börsen	präsentieren
Frömmigkeit	ist
es	Wäre
Ehre	ist
es	ist
Patrice	verlässt
Ittermann	sagt
Hubbert	sagt
Slovo	wollte
Knödel	sind
Tag	war
Ort	sagen
Gemurmel	geht
Damen	dürfen
Feldbusch	spielen
es	war
Wir	könnten
Manager	freut
Stadion	kann
ich	kann
Stoiber	versuchte
Materialien	fallen
Es	hätte
Das	ist
Rot-Weiß	hatte
Waya	wünscht
Land	ist
Schorsch	erinnert
Brötcher	hat's
es	ist
Amtsinhaberin	versprach
Es	wäre
Interessenten	empfehle
Versionen	gibt
ihn	halten
Panter	liebe
Frauen	präsentiert
Gesicht	präsentiert
Einflüsterungen	gehorcht
Modelle	schönen
Auswahl	offeriert
Erscheinungen	gibt
das	markierte
mir	fällt
es	brachte
Gefühl	hat
Tipp	gibt's
Zschokke	veröffentlichte
Roman	veröffentlichte
Möglichkeiten	gibt
ihr	sagt
Augen	hatte
Sevilla	peitschte
Russin	besiegte
Texte	singt
Ausstellung	präsentiert
sich	finden
sich	präsentieren
sich	verlässt
Schotten	sagen
Finger	spielen
sich	freut
sich	erinnert
Ich	empfehle
einen	halten
Es	wäre
François-Noël	gilt
Werke	sind
Poussin	zeigt
Moses	zeigt
Ich	liebe
Frauengestalt	fragte
Wer	will
Hausaufgaben	sind
Grönholm	erklärte
Man	kann
Sprecher	können
Er	könnte
Seiten	haben
Male	kam
Film	kam
man	soll
Er	möchte
Fernsehserie	präsentiert
einer	fährt
Fußball	ist
Renneisen	meint
er	gehorcht
Start	passte
Christina	könnten
wir	könnten
Bahn	weiß
Anlage	lädt
Geschichten	klingen
Szene	wurden
Instrumente	sind
Ertragsprognosen	schönen
Herrschaften	kommen
Wer	hat
Das	ist
Hunsinger	offeriert
Kreise	kommen
Bläser	markierte
Fans	verfielen
Unseld	war
Scheusal	ist
Sie	haben
Es	wäre
Wir	leben
Soames	wären
Spruch	fällt
sitzt	sollte
Dienstag	wird
Hoffnung	war
Sechszehner	war
Wir	wollen
Moser	sagt
Er	durfte
Ich	gehe
Man	hat
Abend	kann
Geöffnet	ist
Schriftsteller	veröffentlichte
Es	ist
Festtagsreden	geraten
Trainer	sagt
Pacult	sagt
Lesen	ist
er	sagt
Düsseldorf	hatte
Sie	hatte
Sie	sind
Schlagwort	blieb
es	ist
Regen	peitschte
Melodien	werden
Nummer	besiegte
Er	singt
Ereignis	habe
Generation	habe
Bohlen	sagt
ich	habe
Das	war
Galerie	präsentiert
Striche	finden
Bündnis	wird
Börsen	präsentieren
Frömmigkeit	ist
es	Wäre
Ehre	ist
es	ist
Patrice	verlässt
Ittermann	sagt
Hubbert	sagt
Slovo	wollte
Knödel	sind
Tag	war
Ort	sagen
Gemurmel	geht
Damen	dürfen
Feldbusch	spielen
es	war
Wir	könnten
Manager	freut
Stadion	kann
ich	kann
Stoiber	versuchte
Materialien	fallen
Es	hätte
Das	ist
Rot-Weiß	hatte
Waya	wünscht
Land	ist
Schorsch	erinnert
Brötcher	hat's
es	ist
Amtsinhaberin	versprach
Es	wäre
Interessenten	empfehle
Versionen	gibt
ihn	halten
Panter	liebe
Frauen	präsentiert
Gesicht	präsentiert
Einflüsterungen	gehorcht
Modelle	schönen
Auswahl	offeriert
Erscheinungen	gibt
das	markierte
mir	fällt
es	brachte
Gefühl	hat
Tipp	gibt's
Zschokke	veröffentlichte
Roman	veröffentlichte
Möglichkeiten	gibt
ihr	sagt
Augen	hatte
Sevilla	peitschte
Russin	besiegte
Texte	singt
Ausstellung	präsentiert
sich	finden
sich	präsentieren
sich	verlässt
Schotten	sagen
Finger	spielen
sich	freut
sich	erinnert
Ich	empfehle
einen	halten
Es	wäre
François-Noël	gilt
Werke	sind
Poussin	zeigt
Moses	zeigt
Ich	liebe
Frauengestalt	fragte
Wer	will
Hausaufgaben	sind
Grönholm	erklärte
Man	kann
Sprecher	können
Er	könnte
Seiten	haben
Male	kam
Film	kam
man	soll
Er	möchte
Fernsehserie	präsentiert
einer	fährt
Fußball	ist
Renneisen	meint
er	gehorcht
Start	passte
Christina	könnten
wir	könnten
Bahn	weiß
Anlage	lädt
Geschichten	klingen
Szene	wurden
Instrumente	sind
Ertragsprognosen	schönen
Herrschaften	kommen
Wer	hat
Das	ist
Hunsinger	offeriert
Kreise	kommen
Bläser	markierte
Fans	verfielen
Unseld	war
Scheusal	ist
Sie	haben
Es	wäre
Wir	leben
Soames	wären
Spruch	fällt
sitzt	sollte
Dienstag	wird
Hoffnung	war
Sechszehner	war
Wir	wollen
Moser	sagt
Er	durfte
Ich	gehe
Man	hat
Abend	kann
Geöffnet	ist
Schriftsteller	veröffentlichte
Es	ist
Festtagsreden	geraten
Trainer	sagt
Pacult	sagt
Lesen	ist
er	sagt
Düsseldorf	hatte
Sie	hatte
Sie	sind
Schlagwort	blieb
es	ist
Regen	peitschte
Melodien	werden
Nummer	besiegte
Er	singt
Ereignis	habe
Generation	habe
Bohlen	sagt
ich	habe
Das	war
Galerie	präsentiert
Striche	finden
Bündnis	wird
Börsen	präsentieren
Frömmigkeit	ist
es	Wäre
Ehre	ist
es	ist
Patrice	verlässt
Ittermann	sagt
Hubbert	sagt
Slovo	wollte
Knödel	sind
Tag	war
Ort	sagen
Gemurmel	geht
Damen	dürfen
Feldbusch	spielen
es	war
Wir	könnten
Manager	freut
Stadion	kann
ich	kann
Stoiber	versuchte
Materialien	fallen
Es	hätte
Das	ist
Rot-Weiß	hatte
Waya	wünscht
Land	ist
Schorsch	erinnert
Brötcher	hat's
es	ist
Amtsinhaberin	versprach
Es	wäre
Interessenten	empfehle
Versionen	gibt
ihn	halten
Panter	liebe
Frauen	präsentiert
Gesicht	präsentiert
Einflüsterungen	gehorcht
Modelle	schönen
Auswahl	offeriert
Erscheinungen	gibt
das	markierte
mir	fällt
es	brachte
Gefühl	hat
Tipp	gibt's
Zschokke	veröffentlichte
Roman	veröffentlichte
Möglichkeiten	gibt
ihr	sagt
Augen	hatte
Sevilla	peitschte
Russin	besiegte
Texte	singt
Ausstellung	präsentiert
sich	finden
sich	präsentieren
sich	verlässt
Schotten	sagen
Finger	spielen
sich	freut
sich	erinnert
einen	Betrieb
dem	Namen
schönen	Namen
einen	Hund
abgezockten	Hund
nächsten	Jahr
der	Kommunist
erste	Kommunist
utopische	Kommunist
ihrem	Klassizismus
unverbrauchten	Klassizismus
den	Farben
blassen	Farben
die	Frau
schöne	Frau
seinem	Landsmann
Rovanperä	Harri
schöner	Regelmäßigkeit
die	Durchsetzung
schönen	Tagen
die	Rotunde
den	Himmel
einen	Aufschwung
unterhaltende	Weise
die	30
der	Afar-Senke
ihren	Anzügen
schönen	Anzügen
Finkenberg	Mittelstation
entgegengesetzter	Seite
Schneekar	Seite
guten	Momenten
dem	Umbau
einjährigen	Umbau
einem	Feldzug
seinem	Haus
die	Zukunft
die	Vergangenheit
attraktiver	Offensiv-Fußball
die	Läufer
schönen	Läufer
ihren	Körpern
erfolgreichen	Körpern
schönem	Wetter
der	Bahn
Bochumer	Ortsteil
aktiven	Abschalten
der	Thomas-Middelhoff-Welt
schönen	Thomas-Middelhoff-Welt
neuen	Thomas-Middelhoff-Welt
fungibles	Content-Material
überzogene	Annahmen
die	Verzinsung
dem	Braunschweig
schönen	Braunschweig
Goldenen	Hirschen
Großen	Festspielhaus
den	Klassikern
asiatischen	Gerichten
den	Kornfeldern
einem	Solo
schönen	Solo
seinem	Saisontor
13.	Saisontor
eine	Beschreibung
schöne	Beschreibung
schöner	Seele
schwarzer	Seele
der	Nachfolge
der	Konkurrenz
die	Minister
wichtigsten	Minister
einen	Moment
kurzen	Moment
den	Punkt
dem	Gedicht
wunderbaren	Gedicht
Andenken	Gedicht
letzten	Jahr
schönen	Bilder
mein	Büro
eine	Seelenlandschaft
dem	Tisch
gedeckten	Tisch
die	Deutschen
den	Rauchern
einer	Einzelleistung
schönen	Einzelleistung
schönem	Wetter
20.30	Uhr
einigen	Jahren
dem	Titel
schönen	Titel
Der	Dichter
dicke	Dichter
Dichter	Titel
der	Ausgabe
schönen	Ausgabe
guten	Ausgabe
der	Säkular-Ausgabe
genannten	Säkular-Ausgabe
der	Wirtschaftsflaute
deutlicher	Buchungsrückgänge
einem	Dach
schönes	Wetter
dem	Resultat
bekannten	Resultat
mörderischen	Resultat
die	Familie
Florentiner	Familie
Strozzi	Familie
einer	Sprache
schönen	Bildern
die	Brigaden
republikanischen	Brigaden
ihren	Fotos
der	Jahre
letzten	Jahre
zehn	Jahre
Wesner	Möbelhaus
der	Handschrift
schönen	Handschrift
der	Welt
den	Grünen
der	FDP
aktuellen	Börsenjahr
tote	Pole
erfolgreichen	Unternehmer
seine	Fähigkeit
ihre	Arbeit
die	Mercedes-Benz-Pkw
erfolgsstrotzenden	Mercedes-Benz-Pkw
des	Anwalts
Ehefrau	Anwalts
die	Klasse
einem	Nachbarsaal
distance	Nachbarsaal
diesem	Sommernachmittag
wunderschönen	Sommernachmittag
deutschen	Fußballverein
zehn	Jahren
den	Gestank
die	Nase
die	Partie
einer	Zahlenparade
der	Schnelle
dem	Verweis
das	Freising
schöne	Freising
seinen	Wurzeln
der	Pause
ein	Tor
der	Rezeption
der	Leinwand
seiner	Seite
