Reaktionen	sind
Ich	finde
das	wird
Schmuckkästchen	wird
Damaskuserlebnis	klingt
Austragsbeamten	wollen
es	ist
Kurs	ist
Grün	wird
Dimension	fehlt
es	lohnte
26-Jährige	betonte
Politiker	sind
das	sind
es	ist
wir	haben
Abruf	soll
Rentnerin	denkt
Alibaba-Aktie	ist
etwas	ist
Tore	resultieren
Alle	freuen
Chandler	erklärte
Du	hast
Momente	hast
Öl	kam
Sie	zeigen
Mehringer	hat
das	steckte
Bevölkerung	steckte
Treffer	war
wir	hatten
Väter	sind
sie	sagt
Team	habe
Hochzeit	war
Haltenberger	findet
Schmid	erinnert
Rennradfahrer	nutzen
Plattform	empfängt
Gäste	waren
ich	finde
Sie	hält
man	nähert
es	wäre
man	Arbeitet
Arbeit	ist
non	ist
Hansestadt	hat
Strandpromenade	sticht
Auswirkungen	sind
das	kommt
Danke	sagt
Bürgermeister	sagt
er	gab
Einige	werden
sie	trägt
Autos	sind
Kinnbartträger	ging
man	lernt
Blondine	veröffentlichte
schaffen	ist
Szenen	werden
Zeilen	können
Bahnhofsmodernisierung	ist
Frage	ist
Beide	hatten
Beide	schwärmen
Winzer	hätten
Frauen	lebten
Seiten	werden
Ostertage	versprechen
Festtage	versprechen
es	ist
Match	bot
ich	kaufte
Berlin	war
wir	schätzen
Exemplare	sind
Gäste	fanden
ist	ist
Fensterbilder	sind
Me	ist
Besucher	sprachen
Bildungsministerin	wünschte
wir	können
Sie	bleiben
wir	Bleiben
Bozen	versprach
alles	versprach
Braun	war
es	war
Brokkoli	legen
Broß	erinnerte
Linde	ist
Celina	war
Chancen	ergeben
Leclerc	legte
Chladek	bringt
Clarus	hat
Claus-Peter	hatte
Mittelmeer-Metropole	bietet
Unternehmen	rechnet
Unique	selling
Sie	haben
man	kann
Garten	liegt
wir	kommen
Weisweiler	prägte
Entwickler	haben
er	setzte
wir	konnten
er	blickt
Bundestrainer	befand
man	Darf
super	finde
ihr	fehlt
sich	lohnte
sich	freuen
Verlängerung	erklärte
mir	hast
Ära	hat
Fest	gab
sich	erinnert
Wetter	nutzen
Vögel	empfängt
Roxin	finde
Blumennischen	finde
die	hält
sich	nähert
dies	Arbeitet
Pasta	essende
uns	machen
Designer	machen
Chauffeur	Dankeschön
sich	gab
Brautjungfernkleid	trägt
Gefühl	gibt
Storys	veröffentlichte
sich	zeigt
alles	bot
mir	kaufte
Haus	kaufte
Weihnachtsbaum	fanden
mich	überraschte
Dämmung	überraschte
Schülern	wünschte
Feier	wünschte
Skitag	versprach
sich	ergeben
Drift	legte
Bus	bringt
Altstadt	bietet
sich	rechnet
Zahlen	rechnet
Leitsatz	prägte
sich	setzte
Zylinder	setzte
Ziemiak	blickt
Verkäuferin	Darf
Reaktionen	sind
Ich	finde
das	wird
Schmuckkästchen	wird
Damaskuserlebnis	klingt
Austragsbeamten	wollen
es	ist
Kurs	ist
Grün	wird
Dimension	fehlt
es	lohnte
26-Jährige	betonte
Politiker	sind
das	sind
es	ist
wir	haben
Abruf	soll
Rentnerin	denkt
Alibaba-Aktie	ist
etwas	ist
Tore	resultieren
Alle	freuen
Chandler	erklärte
Du	hast
Momente	hast
Öl	kam
Sie	zeigen
Mehringer	hat
das	steckte
Bevölkerung	steckte
Treffer	war
wir	hatten
Väter	sind
sie	sagt
Team	habe
Hochzeit	war
Haltenberger	findet
Schmid	erinnert
Rennradfahrer	nutzen
Plattform	empfängt
Gäste	waren
ich	finde
Sie	hält
man	nähert
es	wäre
man	Arbeitet
Arbeit	ist
non	ist
Hansestadt	hat
Strandpromenade	sticht
Auswirkungen	sind
das	kommt
Danke	sagt
Bürgermeister	sagt
er	gab
Einige	werden
sie	trägt
Autos	sind
Kinnbartträger	ging
man	lernt
Blondine	veröffentlichte
schaffen	ist
Szenen	werden
Zeilen	können
Bahnhofsmodernisierung	ist
Frage	ist
Beide	hatten
Beide	schwärmen
Winzer	hätten
Frauen	lebten
Seiten	werden
Ostertage	versprechen
Festtage	versprechen
es	ist
Match	bot
ich	kaufte
Berlin	war
wir	schätzen
Exemplare	sind
Gäste	fanden
ist	ist
Fensterbilder	sind
Me	ist
Besucher	sprachen
Bildungsministerin	wünschte
wir	können
Sie	bleiben
wir	Bleiben
Bozen	versprach
alles	versprach
Braun	war
es	war
Brokkoli	legen
Broß	erinnerte
Linde	ist
Celina	war
Chancen	ergeben
Leclerc	legte
Chladek	bringt
Clarus	hat
Claus-Peter	hatte
Mittelmeer-Metropole	bietet
Unternehmen	rechnet
Unique	selling
Sie	haben
man	kann
Garten	liegt
wir	kommen
Weisweiler	prägte
Entwickler	haben
er	setzte
wir	konnten
er	blickt
Bundestrainer	befand
man	Darf
super	finde
ihr	fehlt
sich	lohnte
sich	freuen
Verlängerung	erklärte
mir	hast
Ära	hat
Fest	gab
sich	erinnert
Wetter	nutzen
Vögel	empfängt
Roxin	finde
Blumennischen	finde
die	hält
sich	nähert
dies	Arbeitet
Pasta	essende
uns	machen
Designer	machen
Chauffeur	Dankeschön
sich	gab
Brautjungfernkleid	trägt
Gefühl	gibt
Storys	veröffentlichte
sich	zeigt
alles	bot
mir	kaufte
Haus	kaufte
Weihnachtsbaum	fanden
mich	überraschte
Dämmung	überraschte
Schülern	wünschte
Feier	wünschte
Skitag	versprach
sich	ergeben
Drift	legte
Bus	bringt
Altstadt	bietet
sich	rechnet
Zahlen	rechnet
Leitsatz	prägte
sich	setzte
Zylinder	setzte
Ziemiak	blickt
Verkäuferin	Darf
Reaktionen	sind
Ich	finde
das	wird
Schmuckkästchen	wird
Damaskuserlebnis	klingt
Austragsbeamten	wollen
es	ist
Kurs	ist
Grün	wird
Dimension	fehlt
es	lohnte
26-Jährige	betonte
Politiker	sind
das	sind
es	ist
wir	haben
Abruf	soll
Rentnerin	denkt
Alibaba-Aktie	ist
etwas	ist
Tore	resultieren
Alle	freuen
Chandler	erklärte
Du	hast
Momente	hast
Öl	kam
Sie	zeigen
Mehringer	hat
das	steckte
Bevölkerung	steckte
Treffer	war
wir	hatten
Väter	sind
sie	sagt
Team	habe
Hochzeit	war
Haltenberger	findet
Schmid	erinnert
Rennradfahrer	nutzen
Plattform	empfängt
Gäste	waren
ich	finde
Sie	hält
man	nähert
es	wäre
man	Arbeitet
Arbeit	ist
non	ist
Hansestadt	hat
Strandpromenade	sticht
Auswirkungen	sind
das	kommt
Danke	sagt
Bürgermeister	sagt
er	gab
Einige	werden
sie	trägt
Autos	sind
Kinnbartträger	ging
man	lernt
Blondine	veröffentlichte
schaffen	ist
Szenen	werden
Zeilen	können
Bahnhofsmodernisierung	ist
Frage	ist
Beide	hatten
Beide	schwärmen
Winzer	hätten
Frauen	lebten
Seiten	werden
Ostertage	versprechen
Festtage	versprechen
es	ist
Match	bot
ich	kaufte
Berlin	war
wir	schätzen
Exemplare	sind
Gäste	fanden
ist	ist
Fensterbilder	sind
Me	ist
Besucher	sprachen
Bildungsministerin	wünschte
wir	können
Sie	bleiben
wir	Bleiben
Bozen	versprach
alles	versprach
Braun	war
es	war
Brokkoli	legen
Broß	erinnerte
Linde	ist
Celina	war
Chancen	ergeben
Leclerc	legte
Chladek	bringt
Clarus	hat
Claus-Peter	hatte
Mittelmeer-Metropole	bietet
Unternehmen	rechnet
Unique	selling
Sie	haben
man	kann
Garten	liegt
wir	kommen
Weisweiler	prägte
Entwickler	haben
er	setzte
wir	konnten
er	blickt
Bundestrainer	befand
man	Darf
super	finde
ihr	fehlt
sich	lohnte
sich	freuen
Verlängerung	erklärte
mir	hast
Ära	hat
Fest	gab
sich	erinnert
Wetter	nutzen
Vögel	empfängt
Roxin	finde
Blumennischen	finde
die	hält
sich	nähert
dies	Arbeitet
Pasta	essende
uns	machen
Designer	machen
Chauffeur	Dankeschön
sich	gab
Brautjungfernkleid	trägt
Gefühl	gibt
Storys	veröffentlichte
sich	zeigt
alles	bot
mir	kaufte
Haus	kaufte
Weihnachtsbaum	fanden
mich	überraschte
Dämmung	überraschte
Schülern	wünschte
Feier	wünschte
Skitag	versprach
sich	ergeben
Drift	legte
Bus	bringt
Altstadt	bietet
sich	rechnet
Zahlen	rechnet
Leitsatz	prägte
sich	setzte
Zylinder	setzte
Ziemiak	blickt
Verkäuferin	Darf
Reaktionen	sind
Ich	finde
das	wird
Schmuckkästchen	wird
Damaskuserlebnis	klingt
Austragsbeamten	wollen
es	ist
Kurs	ist
Grün	wird
Dimension	fehlt
es	lohnte
26-Jährige	betonte
Politiker	sind
das	sind
es	ist
wir	haben
Abruf	soll
Rentnerin	denkt
Alibaba-Aktie	ist
etwas	ist
Tore	resultieren
Alle	freuen
Chandler	erklärte
Du	hast
Momente	hast
Öl	kam
Sie	zeigen
Mehringer	hat
das	steckte
Bevölkerung	steckte
Treffer	war
wir	hatten
Väter	sind
sie	sagt
Team	habe
Hochzeit	war
Haltenberger	findet
Schmid	erinnert
Rennradfahrer	nutzen
Plattform	empfängt
Gäste	waren
ich	finde
Sie	hält
man	nähert
es	wäre
man	Arbeitet
Arbeit	ist
non	ist
Hansestadt	hat
Strandpromenade	sticht
Auswirkungen	sind
das	kommt
Danke	sagt
Bürgermeister	sagt
er	gab
Einige	werden
sie	trägt
Autos	sind
Kinnbartträger	ging
man	lernt
Blondine	veröffentlichte
schaffen	ist
Szenen	werden
Zeilen	können
Bahnhofsmodernisierung	ist
Frage	ist
Beide	hatten
Beide	schwärmen
Winzer	hätten
Frauen	lebten
Seiten	werden
Ostertage	versprechen
Festtage	versprechen
es	ist
Match	bot
ich	kaufte
Berlin	war
wir	schätzen
Exemplare	sind
Gäste	fanden
ist	ist
Fensterbilder	sind
Me	ist
Besucher	sprachen
Bildungsministerin	wünschte
wir	können
Sie	bleiben
wir	Bleiben
Bozen	versprach
alles	versprach
Braun	war
es	war
Brokkoli	legen
Broß	erinnerte
Linde	ist
Celina	war
Chancen	ergeben
Leclerc	legte
Chladek	bringt
Clarus	hat
Claus-Peter	hatte
Mittelmeer-Metropole	bietet
Unternehmen	rechnet
Unique	selling
Sie	haben
man	kann
Garten	liegt
wir	kommen
Weisweiler	prägte
Entwickler	haben
er	setzte
wir	konnten
er	blickt
Bundestrainer	befand
man	Darf
super	finde
ihr	fehlt
sich	lohnte
sich	freuen
Verlängerung	erklärte
mir	hast
Ära	hat
Fest	gab
sich	erinnert
Wetter	nutzen
Vögel	empfängt
Roxin	finde
Blumennischen	finde
die	hält
sich	nähert
dies	Arbeitet
Pasta	essende
uns	machen
Designer	machen
Chauffeur	Dankeschön
sich	gab
Brautjungfernkleid	trägt
Gefühl	gibt
Storys	veröffentlichte
sich	zeigt
alles	bot
mir	kaufte
Haus	kaufte
Weihnachtsbaum	fanden
mich	überraschte
Dämmung	überraschte
Schülern	wünschte
Feier	wünschte
Skitag	versprach
sich	ergeben
Drift	legte
Bus	bringt
Altstadt	bietet
sich	rechnet
Zahlen	rechnet
Leitsatz	prägte
sich	setzte
Zylinder	setzte
Ziemiak	blickt
Verkäuferin	Darf
den	Auftritt
dem	Markt
der	Görges
Deutschen	Görges
einem	Zwischenfall
unschönen	Zwischenfall
guten	Eindrücken
glückliche	Patchworkfamilie
ihrer	Wohnung
schönen	Wohnung
Pariser	Wohnung
der	Regel
die	meisten
schöner	Umgebung
landschaftlicher	Umgebung
den	Augen
ersten	Spiel
ein	paar
historische	Kurse
der	Gemeinde
Land	Gemeinde
schönen	Spielzügen
die	E-Zigaretten
schöne	Zeit
der	Serie
A	Serie
14.	August
einer	Analyse
einen	Swingtrade
den	Tagen
nachfolgenden	Tagen
14	Tagen
dem	Fluss
kleinen	Fluss
die	Wochen
schönen	Wochen
fünf	Wochen
diesem	Dienstagnachmittag
sonnigen	Dienstagnachmittag
dem	Herbst
nasskalten	Herbst
ein	paar
ein	paar
einem	Hang
bewaldeten	Hang
schöner	Aussicht
ein	Tal
verlassen	Tal
wirkendes	Tal
schönem	Wetter
dem	Becken
kleinen	Becken
Jost	Becken
seiner	Eröffnungsansprache
den	Parklets
kalten	Tagen
kleinere	Bilder
meine	Heimat
alte	Heimat
dem	Auto
höheren	Preisen
die	Befriedigung
dem	Grund
die	Fahrt
sichere	Fahrt
das	System
die	Dekoration
schöne	Dekoration
der	Plenarsitzung
letzten	Plenarsitzung
der	Nationalratswahl
schwacher	Umfragen
die	ÖVP
der	Wahl
dem	Foto
einem	Schlitz
superhohen	Schlitz
dem	Gelände
schönem	Wetter
Gegrilltes	Wetter
dem	Servierteller
die	Ulmer
den	Winterurlaub
den	Decks
unteren	Decks
den	Verpflegung
oberen	Verpflegung
gibts	Verpflegung
die	Knie
seine	Auserwählte
diese	Weise
der	Taglioni
schönen	Taglioni
das	Festival
jeden	Fall
alten	Möbeln
einem	Tumult
dem	Stadtbummel
verbundenen	Stadtbummel
zwei	Wörtern
reimenden	Wörtern
den	anderen
der	Nacht
schönen	Nacht
unterdurchschnittlichen	Erträgen
genauerem	Hinsehen
schönem	Wetter
schönem	Wetter
die	Spargelbauern
meiner	Familie
ein	paar
paar	Tage
einem	Arbeitsklima
schönen	Arbeitsklima
erfahrenen	Journalisten
heißen	Temperaturen
der	Sängerin
unbekannten	Sängerin
Yebba	Sängerin
dem	Sender
einer	Trauerfeier
gefühlvollen	Trauerfeier
eine	Bildungslaufbahn
erfolgreiche	Bildungslaufbahn
gutem	Gewissen
der	Bundeshauptstadt
schönen	Bundeshauptstadt
der	Minute
44.	Minute
schöner	Vorlage
den	Käse
den	Kreisverkehr
den	Wettbewerb
das	Gewerbegebiet
Berland	Gewerbegebiet
die	Sanierung
die	Umgestaltung
der	Bint
schöne	Seitwärtsrenditen
den	US-Giganten
beiden	US-Giganten
enge	Kurvenkombination
einem	zischen
wunderschönen	Produkten
freien	Fluss
größten	Glastafel-Hersteller
brasilianische	Anwandlungen
76,5	Prozent
den	Gewürzen
einem	Außenpool
dem	Haus
der	Planung
neuem	Glanz
dem	Hundekopf
schönen	Hundekopf
dem	Wetter
guten	Wetter
verfrühter	Euphorie
schön	ist
eingesackt	ist
selten	sind
Vancouver	sind
schön	ist
gemütlich	Aber
schön	Ach
schön	ist
harmonisch	Alles
schön	war
schön	war
schön	machen
unschön	sind
untergebracht	sind
schön	ist
schön	ist
Sammelbecken	war
schön	All-White
schön	ist
schön	sind
Duett	ist
aufmerksam	bleiben
bequem	Blos
Beispiel	ist
ruhiger	war
point	selling
Klimakonjunktiv	ist
den	Auftritt
dem	Markt
der	Görges
Deutschen	Görges
einem	Zwischenfall
unschönen	Zwischenfall
guten	Eindrücken
glückliche	Patchworkfamilie
ihrer	Wohnung
schönen	Wohnung
Pariser	Wohnung
der	Regel
die	meisten
schöner	Umgebung
landschaftlicher	Umgebung
den	Augen
ersten	Spiel
ein	paar
historische	Kurse
der	Gemeinde
Land	Gemeinde
schönen	Spielzügen
die	E-Zigaretten
schöne	Zeit
der	Serie
A	Serie
14.	August
einer	Analyse
einen	Swingtrade
den	Tagen
nachfolgenden	Tagen
14	Tagen
dem	Fluss
kleinen	Fluss
die	Wochen
schönen	Wochen
fünf	Wochen
diesem	Dienstagnachmittag
sonnigen	Dienstagnachmittag
dem	Herbst
nasskalten	Herbst
ein	paar
ein	paar
einem	Hang
bewaldeten	Hang
schöner	Aussicht
ein	Tal
verlassen	Tal
wirkendes	Tal
schönem	Wetter
dem	Becken
kleinen	Becken
Jost	Becken
seiner	Eröffnungsansprache
den	Parklets
kalten	Tagen
kleinere	Bilder
meine	Heimat
alte	Heimat
dem	Auto
höheren	Preisen
die	Befriedigung
dem	Grund
die	Fahrt
sichere	Fahrt
das	System
die	Dekoration
schöne	Dekoration
der	Plenarsitzung
letzten	Plenarsitzung
der	Nationalratswahl
schwacher	Umfragen
die	ÖVP
der	Wahl
dem	Foto
einem	Schlitz
superhohen	Schlitz
dem	Gelände
schönem	Wetter
Gegrilltes	Wetter
dem	Servierteller
die	Ulmer
den	Winterurlaub
den	Decks
unteren	Decks
den	Verpflegung
oberen	Verpflegung
gibts	Verpflegung
die	Knie
seine	Auserwählte
diese	Weise
der	Taglioni
schönen	Taglioni
das	Festival
jeden	Fall
alten	Möbeln
einem	Tumult
dem	Stadtbummel
verbundenen	Stadtbummel
zwei	Wörtern
reimenden	Wörtern
den	anderen
der	Nacht
schönen	Nacht
unterdurchschnittlichen	Erträgen
genauerem	Hinsehen
schönem	Wetter
schönem	Wetter
die	Spargelbauern
meiner	Familie
ein	paar
paar	Tage
einem	Arbeitsklima
schönen	Arbeitsklima
erfahrenen	Journalisten
heißen	Temperaturen
der	Sängerin
unbekannten	Sängerin
Yebba	Sängerin
dem	Sender
einer	Trauerfeier
gefühlvollen	Trauerfeier
eine	Bildungslaufbahn
erfolgreiche	Bildungslaufbahn
gutem	Gewissen
der	Bundeshauptstadt
schönen	Bundeshauptstadt
der	Minute
44.	Minute
schöner	Vorlage
den	Käse
den	Kreisverkehr
den	Wettbewerb
das	Gewerbegebiet
Berland	Gewerbegebiet
die	Sanierung
die	Umgestaltung
der	Bint
schöne	Seitwärtsrenditen
den	US-Giganten
beiden	US-Giganten
enge	Kurvenkombination
einem	zischen
wunderschönen	Produkten
freien	Fluss
größten	Glastafel-Hersteller
brasilianische	Anwandlungen
76,5	Prozent
den	Gewürzen
einem	Außenpool
dem	Haus
der	Planung
neuem	Glanz
dem	Hundekopf
schönen	Hundekopf
dem	Wetter
guten	Wetter
verfrühter	Euphorie
schön	ist
eingesackt	ist
selten	sind
Vancouver	sind
schön	ist
gemütlich	Aber
schön	Ach
schön	ist
harmonisch	Alles
schön	war
schön	war
schön	machen
unschön	sind
untergebracht	sind
schön	ist
schön	ist
Sammelbecken	war
schön	All-White
schön	ist
schön	sind
Duett	ist
aufmerksam	bleiben
bequem	Blos
Beispiel	ist
ruhiger	war
point	selling
Klimakonjunktiv	ist
