man	kann
wir	verwöhnen
das	ist
Krautsaum	wurde
Behandlungskabinen	sind
Partnerwahl	ist
Rückmeldungen	waren
es	wäre
es	wird
sie	erlebe
man	findet
sie	ist
wer	will
wir	haben
man	sagt
Grunddefinitionen	gegeben
wir	sind
Ab-in-den-urlaub	wünscht
Gartenterrasse	ist
er	fand
wir	fand
Absichtserklärungen	seien
Teil	wird
Bratschi	schreibt
Akzente	setzen
Textilien	setzen
dorfWunderschöne	Schuhe
Zubehör	wird
3D-Drucker	wird
Tuniken	wirken
Exemplare	sind
Mader-Kreisel	sind
Allen	gebührt
Dankeschön	gebührt
Aller	gibt
Damen	freuen
andere	ist
Alle	tanzten
Teilnehmenden	konnten
Alle	waren
Zelte	liegen
wir	genossen
Strandpromenade	wartet
wir	singen
Sie	erhalten
wir	schenken
Sprüngli-Step	wird
Kirchenrat	lädt
Kawa-Team	traf
er	verliebt
September	wird
er	hat
wir	schenken
Aufstieg	lockt
Esstisch	ist
Natursteine	sind
es	ist
wir	haben
Alsultan	sagt
Ziel	war
hat	war
Alukarton	zeichnet
wir	feiern
wir	machten
Bummel	steht
Bond	spielte
Céline	begeisterte
Kinder	gingen
Etappe	startet
Fruchtigkeit	zeigt
Besuch	bietet
wir	unternehmen
viele	bieten
Sie	kommen
wir	konnten
Tasseln	sind
Silvesterchläuse	sind
man	erkennt
Sie	werfen
ist	kann
Bewohner	können
Flair	ist
dies	sind
Koffer	nachlieferte
Husifresser	picknickt
man	hat
Häuser	entstehen
man	ist
Sie	entfernen
das	wäre
es	wäre
Antibes	bietet
Strände	bietet
Innerrhoden	punktet
propos	können
Meisser	haben
sie	genossen
man	kann
Beine	sind
Billig-Bettlaken	wird
Trocknen	kann
Kidsclub	ist
Wettergott	scheint
Saucen	wurden
heiss	wurden
Sie	verwöhnen
Momente	erlebe
Argumente	findet
Ihnen	wünscht
Zeit	wünscht
Rinne	fand
Optik	Schuhe
Beteiligten	Dankeschön
Personen	gebührt
sich	freuen
Ausblick	genossen
Nacht	singen
Booking.com	erhalten
Gutschein	erhalten
Ihnen	schenken
DVD	schenken
2016	schenken
Helferinnen	lädt
sich	traf
sich	verliebt
Ihnen	schenken
Active	schenken
Kollektionen	gibt
viele	haben
sich	zeichnet
Gelingen	feiern
Abstecher	machten
Rolle	spielte
Buholzer	begeisterte
sich	zeigt
sich	bietet
Akklimatisationswanderung	unternehmen
Ihnen	bieten
Besonderes	bieten
Falten	werfen
Berge	hat
Traditionen	gibt
Strumpf	entfernen
Zusammensein	An
Landschaft	genossen
man	kann
wir	verwöhnen
das	ist
Krautsaum	wurde
Behandlungskabinen	sind
Partnerwahl	ist
Rückmeldungen	waren
es	wäre
es	wird
sie	erlebe
man	findet
sie	ist
wer	will
wir	haben
man	sagt
Grunddefinitionen	gegeben
wir	sind
Ab-in-den-urlaub	wünscht
Gartenterrasse	ist
er	fand
wir	fand
Absichtserklärungen	seien
Teil	wird
Bratschi	schreibt
Akzente	setzen
Textilien	setzen
dorfWunderschöne	Schuhe
Zubehör	wird
3D-Drucker	wird
Tuniken	wirken
Exemplare	sind
Mader-Kreisel	sind
Allen	gebührt
Dankeschön	gebührt
Aller	gibt
Damen	freuen
andere	ist
Alle	tanzten
Teilnehmenden	konnten
Alle	waren
Zelte	liegen
wir	genossen
Strandpromenade	wartet
wir	singen
Sie	erhalten
wir	schenken
Sprüngli-Step	wird
Kirchenrat	lädt
Kawa-Team	traf
er	verliebt
September	wird
er	hat
wir	schenken
Aufstieg	lockt
Esstisch	ist
Natursteine	sind
es	ist
wir	haben
Alsultan	sagt
Ziel	war
hat	war
Alukarton	zeichnet
wir	feiern
wir	machten
Bummel	steht
Bond	spielte
Céline	begeisterte
Kinder	gingen
Etappe	startet
Fruchtigkeit	zeigt
Besuch	bietet
wir	unternehmen
viele	bieten
Sie	kommen
wir	konnten
Tasseln	sind
Silvesterchläuse	sind
man	erkennt
Sie	werfen
ist	kann
Bewohner	können
Flair	ist
dies	sind
Koffer	nachlieferte
Husifresser	picknickt
man	hat
Häuser	entstehen
man	ist
Sie	entfernen
das	wäre
es	wäre
Antibes	bietet
Strände	bietet
Innerrhoden	punktet
propos	können
Meisser	haben
sie	genossen
man	kann
Beine	sind
Billig-Bettlaken	wird
Trocknen	kann
Kidsclub	ist
Wettergott	scheint
Saucen	wurden
heiss	wurden
Sie	verwöhnen
Momente	erlebe
Argumente	findet
Ihnen	wünscht
Zeit	wünscht
Rinne	fand
Optik	Schuhe
Beteiligten	Dankeschön
Personen	gebührt
sich	freuen
Ausblick	genossen
Nacht	singen
Booking.com	erhalten
Gutschein	erhalten
Ihnen	schenken
DVD	schenken
2016	schenken
Helferinnen	lädt
sich	traf
sich	verliebt
Ihnen	schenken
Active	schenken
Kollektionen	gibt
viele	haben
sich	zeichnet
Gelingen	feiern
Abstecher	machten
Rolle	spielte
Buholzer	begeisterte
sich	zeigt
sich	bietet
Akklimatisationswanderung	unternehmen
Ihnen	bieten
Besonderes	bieten
Falten	werfen
Berge	hat
Traditionen	gibt
Strumpf	entfernen
Zusammensein	An
Landschaft	genossen
man	kann
wir	verwöhnen
das	ist
Krautsaum	wurde
Behandlungskabinen	sind
Partnerwahl	ist
Rückmeldungen	waren
es	wäre
es	wird
sie	erlebe
man	findet
sie	ist
wer	will
wir	haben
man	sagt
Grunddefinitionen	gegeben
wir	sind
Ab-in-den-urlaub	wünscht
Gartenterrasse	ist
er	fand
wir	fand
Absichtserklärungen	seien
Teil	wird
Bratschi	schreibt
Akzente	setzen
Textilien	setzen
dorfWunderschöne	Schuhe
Zubehör	wird
3D-Drucker	wird
Tuniken	wirken
Exemplare	sind
Mader-Kreisel	sind
Allen	gebührt
Dankeschön	gebührt
Aller	gibt
Damen	freuen
andere	ist
Alle	tanzten
Teilnehmenden	konnten
Alle	waren
Zelte	liegen
wir	genossen
Strandpromenade	wartet
wir	singen
Sie	erhalten
wir	schenken
Sprüngli-Step	wird
Kirchenrat	lädt
Kawa-Team	traf
er	verliebt
September	wird
er	hat
wir	schenken
Aufstieg	lockt
Esstisch	ist
Natursteine	sind
es	ist
wir	haben
Alsultan	sagt
Ziel	war
hat	war
Alukarton	zeichnet
wir	feiern
wir	machten
Bummel	steht
Bond	spielte
Céline	begeisterte
Kinder	gingen
Etappe	startet
Fruchtigkeit	zeigt
Besuch	bietet
wir	unternehmen
viele	bieten
Sie	kommen
wir	konnten
Tasseln	sind
Silvesterchläuse	sind
man	erkennt
Sie	werfen
ist	kann
Bewohner	können
Flair	ist
dies	sind
Koffer	nachlieferte
Husifresser	picknickt
man	hat
Häuser	entstehen
man	ist
Sie	entfernen
das	wäre
es	wäre
Antibes	bietet
Strände	bietet
Innerrhoden	punktet
propos	können
Meisser	haben
sie	genossen
man	kann
Beine	sind
Billig-Bettlaken	wird
Trocknen	kann
Kidsclub	ist
Wettergott	scheint
Saucen	wurden
heiss	wurden
Sie	verwöhnen
Momente	erlebe
Argumente	findet
Ihnen	wünscht
Zeit	wünscht
Rinne	fand
Optik	Schuhe
Beteiligten	Dankeschön
Personen	gebührt
sich	freuen
Ausblick	genossen
Nacht	singen
Booking.com	erhalten
Gutschein	erhalten
Ihnen	schenken
DVD	schenken
2016	schenken
Helferinnen	lädt
sich	traf
sich	verliebt
Ihnen	schenken
Active	schenken
Kollektionen	gibt
viele	haben
sich	zeichnet
Gelingen	feiern
Abstecher	machten
Rolle	spielte
Buholzer	begeisterte
sich	zeigt
sich	bietet
Akklimatisationswanderung	unternehmen
Ihnen	bieten
Besonderes	bieten
Falten	werfen
Berge	hat
Traditionen	gibt
Strumpf	entfernen
Zusammensein	An
Landschaft	genossen
man	kann
wir	verwöhnen
das	ist
Krautsaum	wurde
Behandlungskabinen	sind
Partnerwahl	ist
Rückmeldungen	waren
es	wäre
es	wird
sie	erlebe
man	findet
sie	ist
wer	will
wir	haben
man	sagt
Grunddefinitionen	gegeben
wir	sind
Ab-in-den-urlaub	wünscht
Gartenterrasse	ist
er	fand
wir	fand
Absichtserklärungen	seien
Teil	wird
Bratschi	schreibt
Akzente	setzen
Textilien	setzen
dorfWunderschöne	Schuhe
Zubehör	wird
3D-Drucker	wird
Tuniken	wirken
Exemplare	sind
Mader-Kreisel	sind
Allen	gebührt
Dankeschön	gebührt
Aller	gibt
Damen	freuen
andere	ist
Alle	tanzten
Teilnehmenden	konnten
Alle	waren
Zelte	liegen
wir	genossen
Strandpromenade	wartet
wir	singen
Sie	erhalten
wir	schenken
Sprüngli-Step	wird
Kirchenrat	lädt
Kawa-Team	traf
er	verliebt
September	wird
er	hat
wir	schenken
Aufstieg	lockt
Esstisch	ist
Natursteine	sind
es	ist
wir	haben
Alsultan	sagt
Ziel	war
hat	war
Alukarton	zeichnet
wir	feiern
wir	machten
Bummel	steht
Bond	spielte
Céline	begeisterte
Kinder	gingen
Etappe	startet
Fruchtigkeit	zeigt
Besuch	bietet
wir	unternehmen
viele	bieten
Sie	kommen
wir	konnten
Tasseln	sind
Silvesterchläuse	sind
man	erkennt
Sie	werfen
ist	kann
Bewohner	können
Flair	ist
dies	sind
Koffer	nachlieferte
Husifresser	picknickt
man	hat
Häuser	entstehen
man	ist
Sie	entfernen
das	wäre
es	wäre
Antibes	bietet
Strände	bietet
Innerrhoden	punktet
propos	können
Meisser	haben
sie	genossen
man	kann
Beine	sind
Billig-Bettlaken	wird
Trocknen	kann
Kidsclub	ist
Wettergott	scheint
Saucen	wurden
heiss	wurden
Sie	verwöhnen
Momente	erlebe
Argumente	findet
Ihnen	wünscht
Zeit	wünscht
Rinne	fand
Optik	Schuhe
Beteiligten	Dankeschön
Personen	gebührt
sich	freuen
Ausblick	genossen
Nacht	singen
Booking.com	erhalten
Gutschein	erhalten
Ihnen	schenken
DVD	schenken
2016	schenken
Helferinnen	lädt
sich	traf
sich	verliebt
Ihnen	schenken
Active	schenken
Kollektionen	gibt
viele	haben
sich	zeichnet
Gelingen	feiern
Abstecher	machten
Rolle	spielte
Buholzer	begeisterte
sich	zeigt
sich	bietet
Akklimatisationswanderung	unternehmen
Ihnen	bieten
Besonderes	bieten
Falten	werfen
Berge	hat
Traditionen	gibt
Strumpf	entfernen
Zusammensein	An
Landschaft	genossen
schönen	Vierwaldstättersee
einem	Aufstieg
schönen	Aufstieg
der	Scheidegg
Kleinen	Scheidegg
einer	Talfahrt
tollen	Talfahrt
ihrem	Spa
ausgewiesenen	UK-Beauty-Fan
wunderbarem	Essen
jeder	Bewegung
2019	Herbst
drei	Wohnungen
schönen	Wohnungen
den	Regenwald
der	Hochzeitsreise
2016	Mai
schönem	Wetter
rasantem	Tempo
wunderschönem	Material
angesagten	Farben
die	Schlucht
schöne	Schlucht
schöner	Weitsicht
eine	Bekleidung
saubere	Bekleidung
ein	Sommer
schöner	Sommer
11.15	Uhr
grafischen	Mustern
gemütlichem	Kerzenlicht
schmalen	Hosen
ein	Mal
anderes	Mal
ihren	Einsatz
ihre	Arbeit
geleistete	Arbeit
den	Kuchen
feinen	Kuchen
einem	Herbstmorgen
die	Mittagszeit
ausgelassensten	Canta
ihren	Discokleidern
schönen	Discokleidern
zusammengestellten	Gabentisch
einem	Galeriewald
wunderschönen	Galeriewald
Fluss	Khwai
das	Moremi
berühmte	Moremi
Game	Reserve
Reserve	Moremi
der	Lebua
Bar	Lebua
die	Stadt
nächsten	Morgen
erfolgreicher	Anwerbung
Ihre	Treue
Tattoo	Basel
Tattoo	Basel
der	Sendung
jährlichen	Dankesabend
den	Blick
ersten	Blick
echte	Alternative
leere	Wände
grosses	Dankeschön
die	Bevölkerung
Langenthal	Geburtstag
kleines	Dankeschön
Ihr	Vertrauen
den	Esel
schöner	Aussicht
der	Pilatusbahn
unschönen	Verfärbungen
den	Themenwelten
den	Sommer
einzigartige	Fotos
die	Ziellinie
einigen	Jahren
zurückgekehrte	Ausland-CH
den	Zustand
unserer	Crew
ersten	Übergang
dem	Gipfel
die	Kiche
romanische	Kiche
die	Leventina
das	Biedermeierdorf
schöne	Biedermeierdorf
Heiden	Biedermeierdorf
Tattoo	Basel
einem	Bond-Medley
wunderschönen	Bond-Medley
einer	Übung
geturnten	Übung
2.	November
ihren	Räbeliechtlis
geschnitzten	Räbeliechtlis
die	Quartiere
abgedunkelten	Quartiere
schöner	Aussicht
den	Errigal
fünften	Tag
schönen	Fachwerkhäusern
alten	Fachwerkhäusern
gegrillte	Früchte
tropische	Früchte
tollen	Abgang
schöner	Tanninstruktur
einer	Balance
schönen	Balance
der	Säure
delikaten	Säure
schöner	Gartenanlage
der	Umgebung
schönen	Umgebung
schönem	Wetter
der	Metro-Bahn
die	Sunnegga
einem	Apéro
feinen	Apéro
unteren	Ende
beiden	Daten
schöne	Chläus
den	Häusern
beschnitzten	Häusern
schöne	Formen
den	Oberschenkeln
mittleren	Pendlerdistanzen
vernünftiges	Geld
der	Grossstadt
diesem	Blickfang
schönen	Blickfang
die	Wand
diesem	Tag
ihrem	Kleid
wunderschönen	Kleid
dieser	Stelle
ein	Dankeschön
herzliches	Dankeschön
unglaubliche	Stimmung
einem	Erlebnis
unvergesslichen	Erlebnis
dieser	Stelle
alle	Beteiligten
dieser	Stelle
seine	Arbeit
geleistete	Arbeit
dieser	Stelle
dieser	Stelle
all	Teilnehmer
die	Teilnehmer
die	Gastfreundschaft
das	hüten
dieser	Stelle
alle	Beteiligten
den	erwähnten
zwei	erwähnten
dieser	Stelle
die	Bäckerinnen
Maia	Bäckerinnen
dieser	Stelle
ein	Dankeschön
einem	Sommertag
heissen	Sommertag
einen	Steg
schönen	Steg
einigen	Orten
Berner	Oberland
erhöhter	Hanglage
fünf	Eigentumswohnungen
attraktiven	Eigentumswohnungen
besonderer	Beleuchtung
stehenden	Platz
einen	Adventskalender
der	Weihnachtszeit
schöner	Aussichtslage
dem	Hafenort
Psathi	Hafenort
gedeckten	Tischen
”	Realitäten
einladenden	Plätzen
unserer	Schule
gleichen	Teilen
guten	Leistungen
tiefen	Steuern
der	Nähe
Gallen	Stadt
einem	Gegenstand
spitzigen	Gegenstand
die	Schale
10	Juni
2018	Juni
dem	Rückweg
das	Schwarzhorn
schneebedeckte	Schwarzhorn
dem	Beiwort
schönen	Beiwort
Haustuch	Beiwort
dem	Waschen
die	kleinen
3	Jahre
schönen	Saastal
der	Vorspeise
jeweiligen	Vorspeise
alles	ist
Kompromiss	ist
schön	waren
schön	wäre
wunderschön	ist
schliesslich	sind
schön	seien
trendig	wird
besser	wird
verarbeitet	sind
wunderschön	sind
Dankeschön	Helfern
begeistert	waren
anfälliger	sind
schön	war
angebracht	sind
vorprogrammiert	ist
Dankeschön	An
Junioren-Coaches	sind
schön	Anlage
Anlässlich	ist
begeistert	ist
Regenjacke	wäre
beseer	wäre
Erotisches	sind
Innenseite	sind
schönen	Vierwaldstättersee
einem	Aufstieg
schönen	Aufstieg
der	Scheidegg
Kleinen	Scheidegg
einer	Talfahrt
tollen	Talfahrt
ihrem	Spa
ausgewiesenen	UK-Beauty-Fan
wunderbarem	Essen
jeder	Bewegung
2019	Herbst
drei	Wohnungen
schönen	Wohnungen
den	Regenwald
der	Hochzeitsreise
2016	Mai
schönem	Wetter
rasantem	Tempo
wunderschönem	Material
angesagten	Farben
die	Schlucht
schöne	Schlucht
schöner	Weitsicht
eine	Bekleidung
saubere	Bekleidung
ein	Sommer
schöner	Sommer
11.15	Uhr
grafischen	Mustern
gemütlichem	Kerzenlicht
schmalen	Hosen
ein	Mal
anderes	Mal
ihren	Einsatz
ihre	Arbeit
geleistete	Arbeit
den	Kuchen
feinen	Kuchen
einem	Herbstmorgen
die	Mittagszeit
ausgelassensten	Canta
ihren	Discokleidern
schönen	Discokleidern
zusammengestellten	Gabentisch
einem	Galeriewald
wunderschönen	Galeriewald
Fluss	Khwai
das	Moremi
berühmte	Moremi
Game	Reserve
Reserve	Moremi
der	Lebua
Bar	Lebua
die	Stadt
nächsten	Morgen
erfolgreicher	Anwerbung
Ihre	Treue
Tattoo	Basel
Tattoo	Basel
der	Sendung
jährlichen	Dankesabend
den	Blick
ersten	Blick
echte	Alternative
leere	Wände
grosses	Dankeschön
die	Bevölkerung
Langenthal	Geburtstag
kleines	Dankeschön
Ihr	Vertrauen
den	Esel
schöner	Aussicht
der	Pilatusbahn
unschönen	Verfärbungen
den	Themenwelten
den	Sommer
einzigartige	Fotos
die	Ziellinie
einigen	Jahren
zurückgekehrte	Ausland-CH
den	Zustand
unserer	Crew
ersten	Übergang
dem	Gipfel
die	Kiche
romanische	Kiche
die	Leventina
das	Biedermeierdorf
schöne	Biedermeierdorf
Heiden	Biedermeierdorf
Tattoo	Basel
einem	Bond-Medley
wunderschönen	Bond-Medley
einer	Übung
geturnten	Übung
2.	November
ihren	Räbeliechtlis
geschnitzten	Räbeliechtlis
die	Quartiere
abgedunkelten	Quartiere
schöner	Aussicht
den	Errigal
fünften	Tag
schönen	Fachwerkhäusern
alten	Fachwerkhäusern
gegrillte	Früchte
tropische	Früchte
tollen	Abgang
schöner	Tanninstruktur
einer	Balance
schönen	Balance
der	Säure
delikaten	Säure
schöner	Gartenanlage
der	Umgebung
schönen	Umgebung
schönem	Wetter
der	Metro-Bahn
die	Sunnegga
einem	Apéro
feinen	Apéro
unteren	Ende
beiden	Daten
schöne	Chläus
den	Häusern
beschnitzten	Häusern
schöne	Formen
den	Oberschenkeln
mittleren	Pendlerdistanzen
vernünftiges	Geld
der	Grossstadt
diesem	Blickfang
schönen	Blickfang
die	Wand
diesem	Tag
ihrem	Kleid
wunderschönen	Kleid
dieser	Stelle
ein	Dankeschön
herzliches	Dankeschön
unglaubliche	Stimmung
einem	Erlebnis
unvergesslichen	Erlebnis
dieser	Stelle
alle	Beteiligten
dieser	Stelle
seine	Arbeit
geleistete	Arbeit
dieser	Stelle
dieser	Stelle
all	Teilnehmer
die	Teilnehmer
die	Gastfreundschaft
das	hüten
dieser	Stelle
alle	Beteiligten
den	erwähnten
zwei	erwähnten
dieser	Stelle
die	Bäckerinnen
Maia	Bäckerinnen
dieser	Stelle
ein	Dankeschön
einem	Sommertag
heissen	Sommertag
einen	Steg
schönen	Steg
einigen	Orten
Berner	Oberland
erhöhter	Hanglage
fünf	Eigentumswohnungen
attraktiven	Eigentumswohnungen
besonderer	Beleuchtung
stehenden	Platz
einen	Adventskalender
der	Weihnachtszeit
schöner	Aussichtslage
dem	Hafenort
Psathi	Hafenort
gedeckten	Tischen
”	Realitäten
einladenden	Plätzen
unserer	Schule
gleichen	Teilen
guten	Leistungen
tiefen	Steuern
der	Nähe
Gallen	Stadt
einem	Gegenstand
spitzigen	Gegenstand
die	Schale
10	Juni
2018	Juni
dem	Rückweg
das	Schwarzhorn
schneebedeckte	Schwarzhorn
dem	Beiwort
schönen	Beiwort
Haustuch	Beiwort
dem	Waschen
die	kleinen
3	Jahre
schönen	Saastal
der	Vorspeise
jeweiligen	Vorspeise
alles	ist
Kompromiss	ist
schön	waren
schön	wäre
wunderschön	ist
schliesslich	sind
schön	seien
trendig	wird
besser	wird
verarbeitet	sind
wunderschön	sind
Dankeschön	Helfern
begeistert	waren
anfälliger	sind
schön	war
angebracht	sind
vorprogrammiert	ist
Dankeschön	An
Junioren-Coaches	sind
schön	Anlage
Anlässlich	ist
begeistert	ist
Regenjacke	wäre
beseer	wäre
Erotisches	sind
Innenseite	sind
schönen	Vierwaldstättersee
einem	Aufstieg
schönen	Aufstieg
der	Scheidegg
Kleinen	Scheidegg
einer	Talfahrt
tollen	Talfahrt
ihrem	Spa
ausgewiesenen	UK-Beauty-Fan
wunderbarem	Essen
jeder	Bewegung
2019	Herbst
drei	Wohnungen
schönen	Wohnungen
den	Regenwald
der	Hochzeitsreise
2016	Mai
schönem	Wetter
rasantem	Tempo
wunderschönem	Material
angesagten	Farben
die	Schlucht
schöne	Schlucht
schöner	Weitsicht
eine	Bekleidung
saubere	Bekleidung
ein	Sommer
schöner	Sommer
11.15	Uhr
grafischen	Mustern
gemütlichem	Kerzenlicht
schmalen	Hosen
ein	Mal
anderes	Mal
ihren	Einsatz
ihre	Arbeit
geleistete	Arbeit
den	Kuchen
feinen	Kuchen
einem	Herbstmorgen
die	Mittagszeit
ausgelassensten	Canta
ihren	Discokleidern
schönen	Discokleidern
zusammengestellten	Gabentisch
einem	Galeriewald
wunderschönen	Galeriewald
Fluss	Khwai
das	Moremi
berühmte	Moremi
Game	Reserve
Reserve	Moremi
der	Lebua
Bar	Lebua
die	Stadt
nächsten	Morgen
erfolgreicher	Anwerbung
Ihre	Treue
Tattoo	Basel
Tattoo	Basel
der	Sendung
jährlichen	Dankesabend
den	Blick
ersten	Blick
echte	Alternative
leere	Wände
grosses	Dankeschön
die	Bevölkerung
Langenthal	Geburtstag
kleines	Dankeschön
Ihr	Vertrauen
den	Esel
schöner	Aussicht
der	Pilatusbahn
unschönen	Verfärbungen
den	Themenwelten
den	Sommer
einzigartige	Fotos
die	Ziellinie
einigen	Jahren
zurückgekehrte	Ausland-CH
den	Zustand
unserer	Crew
ersten	Übergang
dem	Gipfel
die	Kiche
romanische	Kiche
die	Leventina
das	Biedermeierdorf
schöne	Biedermeierdorf
Heiden	Biedermeierdorf
Tattoo	Basel
einem	Bond-Medley
wunderschönen	Bond-Medley
einer	Übung
geturnten	Übung
2.	November
ihren	Räbeliechtlis
geschnitzten	Räbeliechtlis
die	Quartiere
abgedunkelten	Quartiere
schöner	Aussicht
den	Errigal
fünften	Tag
schönen	Fachwerkhäusern
alten	Fachwerkhäusern
gegrillte	Früchte
tropische	Früchte
tollen	Abgang
schöner	Tanninstruktur
einer	Balance
schönen	Balance
der	Säure
delikaten	Säure
schöner	Gartenanlage
der	Umgebung
schönen	Umgebung
schönem	Wetter
der	Metro-Bahn
die	Sunnegga
einem	Apéro
feinen	Apéro
unteren	Ende
beiden	Daten
schöne	Chläus
den	Häusern
beschnitzten	Häusern
schöne	Formen
den	Oberschenkeln
mittleren	Pendlerdistanzen
vernünftiges	Geld
der	Grossstadt
diesem	Blickfang
schönen	Blickfang
die	Wand
diesem	Tag
ihrem	Kleid
wunderschönen	Kleid
dieser	Stelle
ein	Dankeschön
herzliches	Dankeschön
unglaubliche	Stimmung
einem	Erlebnis
unvergesslichen	Erlebnis
dieser	Stelle
alle	Beteiligten
dieser	Stelle
seine	Arbeit
geleistete	Arbeit
dieser	Stelle
dieser	Stelle
all	Teilnehmer
die	Teilnehmer
die	Gastfreundschaft
das	hüten
dieser	Stelle
alle	Beteiligten
den	erwähnten
zwei	erwähnten
dieser	Stelle
die	Bäckerinnen
Maia	Bäckerinnen
dieser	Stelle
ein	Dankeschön
einem	Sommertag
heissen	Sommertag
einen	Steg
schönen	Steg
einigen	Orten
Berner	Oberland
erhöhter	Hanglage
fünf	Eigentumswohnungen
attraktiven	Eigentumswohnungen
besonderer	Beleuchtung
stehenden	Platz
einen	Adventskalender
der	Weihnachtszeit
schöner	Aussichtslage
dem	Hafenort
Psathi	Hafenort
gedeckten	Tischen
”	Realitäten
einladenden	Plätzen
unserer	Schule
gleichen	Teilen
guten	Leistungen
tiefen	Steuern
der	Nähe
Gallen	Stadt
einem	Gegenstand
spitzigen	Gegenstand
die	Schale
10	Juni
2018	Juni
dem	Rückweg
das	Schwarzhorn
schneebedeckte	Schwarzhorn
dem	Beiwort
schönen	Beiwort
Haustuch	Beiwort
dem	Waschen
die	kleinen
3	Jahre
schönen	Saastal
der	Vorspeise
jeweiligen	Vorspeise
alles	ist
Kompromiss	ist
schön	waren
schön	wäre
wunderschön	ist
schliesslich	sind
schön	seien
trendig	wird
besser	wird
verarbeitet	sind
wunderschön	sind
Dankeschön	Helfern
begeistert	waren
anfälliger	sind
schön	war
angebracht	sind
vorprogrammiert	ist
Dankeschön	An
Junioren-Coaches	sind
schön	Anlage
Anlässlich	ist
begeistert	ist
Regenjacke	wäre
beseer	wäre
Erotisches	sind
Innenseite	sind
schönen	Vierwaldstättersee
einem	Aufstieg
schönen	Aufstieg
der	Scheidegg
Kleinen	Scheidegg
einer	Talfahrt
tollen	Talfahrt
ihrem	Spa
ausgewiesenen	UK-Beauty-Fan
wunderbarem	Essen
jeder	Bewegung
2019	Herbst
drei	Wohnungen
schönen	Wohnungen
den	Regenwald
der	Hochzeitsreise
2016	Mai
schönem	Wetter
rasantem	Tempo
wunderschönem	Material
angesagten	Farben
die	Schlucht
schöne	Schlucht
schöner	Weitsicht
eine	Bekleidung
saubere	Bekleidung
ein	Sommer
schöner	Sommer
11.15	Uhr
grafischen	Mustern
gemütlichem	Kerzenlicht
schmalen	Hosen
ein	Mal
anderes	Mal
ihren	Einsatz
ihre	Arbeit
geleistete	Arbeit
den	Kuchen
feinen	Kuchen
einem	Herbstmorgen
die	Mittagszeit
ausgelassensten	Canta
ihren	Discokleidern
schönen	Discokleidern
zusammengestellten	Gabentisch
einem	Galeriewald
wunderschönen	Galeriewald
Fluss	Khwai
das	Moremi
berühmte	Moremi
Game	Reserve
Reserve	Moremi
der	Lebua
Bar	Lebua
die	Stadt
nächsten	Morgen
erfolgreicher	Anwerbung
Ihre	Treue
Tattoo	Basel
Tattoo	Basel
der	Sendung
jährlichen	Dankesabend
den	Blick
ersten	Blick
echte	Alternative
leere	Wände
grosses	Dankeschön
die	Bevölkerung
Langenthal	Geburtstag
kleines	Dankeschön
Ihr	Vertrauen
den	Esel
schöner	Aussicht
der	Pilatusbahn
unschönen	Verfärbungen
den	Themenwelten
den	Sommer
einzigartige	Fotos
die	Ziellinie
einigen	Jahren
zurückgekehrte	Ausland-CH
den	Zustand
unserer	Crew
ersten	Übergang
dem	Gipfel
die	Kiche
romanische	Kiche
die	Leventina
das	Biedermeierdorf
schöne	Biedermeierdorf
Heiden	Biedermeierdorf
Tattoo	Basel
einem	Bond-Medley
wunderschönen	Bond-Medley
einer	Übung
geturnten	Übung
2.	November
ihren	Räbeliechtlis
geschnitzten	Räbeliechtlis
die	Quartiere
abgedunkelten	Quartiere
schöner	Aussicht
den	Errigal
fünften	Tag
schönen	Fachwerkhäusern
alten	Fachwerkhäusern
gegrillte	Früchte
tropische	Früchte
tollen	Abgang
schöner	Tanninstruktur
einer	Balance
schönen	Balance
der	Säure
delikaten	Säure
schöner	Gartenanlage
der	Umgebung
schönen	Umgebung
schönem	Wetter
der	Metro-Bahn
die	Sunnegga
einem	Apéro
feinen	Apéro
unteren	Ende
beiden	Daten
schöne	Chläus
den	Häusern
beschnitzten	Häusern
schöne	Formen
den	Oberschenkeln
mittleren	Pendlerdistanzen
vernünftiges	Geld
der	Grossstadt
diesem	Blickfang
schönen	Blickfang
die	Wand
diesem	Tag
ihrem	Kleid
wunderschönen	Kleid
dieser	Stelle
ein	Dankeschön
herzliches	Dankeschön
unglaubliche	Stimmung
einem	Erlebnis
unvergesslichen	Erlebnis
dieser	Stelle
alle	Beteiligten
dieser	Stelle
seine	Arbeit
geleistete	Arbeit
dieser	Stelle
dieser	Stelle
all	Teilnehmer
die	Teilnehmer
die	Gastfreundschaft
das	hüten
dieser	Stelle
alle	Beteiligten
den	erwähnten
zwei	erwähnten
dieser	Stelle
die	Bäckerinnen
Maia	Bäckerinnen
dieser	Stelle
ein	Dankeschön
einem	Sommertag
heissen	Sommertag
einen	Steg
schönen	Steg
einigen	Orten
Berner	Oberland
erhöhter	Hanglage
fünf	Eigentumswohnungen
attraktiven	Eigentumswohnungen
besonderer	Beleuchtung
stehenden	Platz
einen	Adventskalender
der	Weihnachtszeit
schöner	Aussichtslage
dem	Hafenort
Psathi	Hafenort
gedeckten	Tischen
”	Realitäten
einladenden	Plätzen
unserer	Schule
gleichen	Teilen
guten	Leistungen
tiefen	Steuern
der	Nähe
Gallen	Stadt
einem	Gegenstand
spitzigen	Gegenstand
die	Schale
10	Juni
2018	Juni
dem	Rückweg
das	Schwarzhorn
schneebedeckte	Schwarzhorn
dem	Beiwort
schönen	Beiwort
Haustuch	Beiwort
dem	Waschen
die	kleinen
3	Jahre
schönen	Saastal
der	Vorspeise
jeweiligen	Vorspeise
